ID,Language_ID,Parameter_ID,Value,Code_ID,Comment,Source
ABK-adn,ABK,,(NP) POSS-xatà,,,
ABK-sort,ABK,,none,,,
ABK-lex,ABK,,'head',,,
ABK-otherint,ABK,,%,,,
ABK-ave,ABK,,%,,,
ABK-refl,ABK,,POSS-xə̀,,,
ABK-otherrefl,ABK,,-tʂə̀-,,,
ABK-own,ABK,,xà-t°’,,,
ABK-sfp,ABK,,-g’ə,,,
ABK-paradigms,ABK,,--,,,
ABK-comments,ABK,,POSS-: possessor prefixes (col.II)<br> <i>-tʂə̀-</i>: verbal reflexivization strategy<br> POSS<i>-xə̀</i>: 'POSS-<i>head</i>'<br> <i>xatà</i> probably related to <i>-xə̀</i><br> <i>-t°'</i>: ATTR<br> <i>-tà</i>: possibly related to locative suffix <i>-ta</i><br>,,,
ABK-repr,ABK,,&lt;tʂ&gt;: retroflex apical affricate<br>&lt;t°'&gt;: labialized ejective<br> NB: Some browsers do not display accent grave over schwa!,,,
ALN-adn,ALN,,vetë NP,,,
ALN-sort,ALN,,none,,,
ALN-lex,ALN,,<i>vetë</i> < PIE <i>sue-ti</i> (REFL-?),,,
ALN-otherint,ALN,,(PRO) vetë,,,
ALN-ave,ALN,,vetë,,,
ALN-refl,ALN,,(vet)vetja (NOM),,,
ALN-otherrefl,ALN,,%,,,
ALN-own,ALN,,vetë PSM PSR,,,
ALN-sfp,ALN,,edhé në se,,,
ALN-paradigms,ALN,,paradigm of reflexives:<br> ACC: <i>(vet)veten</i><br> PREP: <i>(vet)vete</i><br> OBL: <i>(vet)vetes</i><br>,,,
ALN-comments,ALN,,"verbal reflexivization strategy: V + nonactive person endings (medium): <i>-(h)em, -(h)esh, -(h)et</i><br> probably stressed reflexive possessive as competing strategy for: <i>vetë</i> PSM PSR ('own')<br> <i>edhé në se</i>: 'and if that'",,,
ALN-repr,ALN,,&lt;ë&gt;: schwa,,,
AMH-adn,AMH,,(NP) ras-POSS(-ART),,,
AMH-sort,AMH,,%,,,
AMH-lex,AMH,,'head',,,
AMH-otherint,AMH,,ras-POSS(-ART) (NP/PRO); <i>ras</i>-POSS; stressed PRON-ART; PRO(-ART); <i>gəll</i>-POSS ('in person'); <i>qəl</i>: variant of <i>gəll</i>; <i>gəll</i>-POSS: obligatory reflexive marker in PP,,,
AMH-ave,AMH,,bä-gäzza eðð-POSS,,,
AMH-refl,AMH,,ras-POSS-ACC,,,
AMH-otherrefl,AMH,,%,,,
AMH-own,AMH,,yä-gäzza,,,
AMH-sfp,AMH,,-m,,,
AMH-paradigms,AMH,,--,,,
AMH-comments,AMH,,"<i>bägäzza eðð</i>-POSS: 'with his own hand/might/power'<br> <i>yä-gäzza</i>: 'that he possessed'<br> <i>yä-ras-</i>: variant of <i>yägäzza</i><br> also possible: <i>yä-gäzza ras-</i><br> <i>yəh rasu</i>: 'this same one, the very same'<br> <i>bä</i>: preposition with a wide range of meanings (e.g. locative, instrumental)<br><i>-m</i>: 'also, even'",,,
AMH-repr,AMH,,--,,,
ABV-adn,ABV,,(NP) nafs-CASE-POSS,,,
ABV-sort,ABV,,none,,,
ABV-lex,ABV,,"<i>nafs-</i> 'soul', 'spirit'",,,
ABV-otherint,ABV,,<i>ʔayn</i> in MSA in an adnominal use<br>lexical source of <i>ʔayn</i>: 'eye'<br><i>b-ruuħ</i>-POSS ('by-REFL-POSS'); <i>ruuħ-</i>: 'spirit',,,
ABV-ave,ABV,,bi + nafs-GEN-POSS,,,
ABV-refl,ABV,,nafs-CASE-POSS,,,
ABV-otherrefl,ABV,,%,,,
ABV-own,ABV,,nafs-CASE-POSS,,,
ABV-sfp,ABV,,nafs,,,
ABV-paradigms,ABV,,intensifiers/reflexives:<br> 1SG: <i>nafs-ī</i><br> 2SG.MASC: <i>nafs-u-ka</i><br> 2SG.FEM: <i>nafs-u-ki</i><br> 3SG.MASC: <i>nafs-u-hu</i><br> 3SG.FEM: <i>nafs-u-hā</i><br> 1PL: <i>ʔanfus-u-nā</i><br> 2PL.MASC: <i>anfus-u-kum</i><br> 2PL.FEM: <i>anfus-u-kunna</i><br> 3PL.MASC: <i>anfus-u-hum</i><br> 3PL.FEM: <i>anfus-u-hunna</i><br>,,,
ABV-comments,ABV,,<i>bi</i>: instrumental marker (requires genitive complement)<br>,,,
ABV-repr,ABV,,&lt;ħ&gt;: voiceless pharyngeal fricative,,,
ARM-adn,ARM,,NP + ink’-DEF,,,
ARM-sort,ARM,,%,,,
ARM-lex,ARM,,unknown; see comments,,,
ARM-otherint,ARM,,<i>ink'</i>-POSS; <i>anj-amb</i>: 'personally'; <i>ink'ə</i> also used inclusively in the sense of 'too',,,
ARM-ave,ARM,,ink’-POSS,,,
ARM-refl,ARM,,(ink’-DEF-)ir-CASE,,,
ARM-otherrefl,ARM,,%,,,
ARM-own,ARM,,sep’akan,,,
ARM-sfp,ARM,,nuynisk,,,
ARM-paradigms,ARM,,--,,,
ARM-comments,ARM,,"<i>-s</i>, <i>-d</i>: possessive suffixes for 1st and 2nd person<br> REFL/INT probably derived from the personal pronoun<br> DEF: <i>ə</i>, except before vowels: then <i>n</i><br> the reason why the reflexive marker optionally combines two different stems of INT/REFL is unclear",,,
ARM-repr,ARM,,&lt;k’&gt;: voiceless velar ejective<br>,,,
KVA-adn,KVA,,e-w-da,,,
KVA-sort,KVA,,%,,,
KVA-lex,KVA,,"<i>e-w</i>: possibly < logophoric pronoun, <i>da</i>: emphatic particle",,,
KVA-otherint,KVA,,<i>e-wa-da</i> also used inclusively;<i>e-wa-da</i> can be used in anti-comitative contexts ('alone'),,,
KVA-ave,KVA,,in-šur-da,,,
KVA-refl,KVA,,e-w-da,,,
KVA-otherrefl,KVA,,%,,,
KVA-own,KVA,,%,,,
KVA-sfp,KVA,,%,,,
KVA-paradigms,KVA,,--,,,
KVA-comments,KVA,,<i>in-šur-da</i> is the ergative of <i>e-w-da</i><br><i>e-w-da</i>: PRON.CASE.NUMBER-GENDER-EMPH<br> <i>e-wa</i> alone is a logophoric pronoun<br> <i>-da</i> is an emphatic particle<br> <i>in-</i>: oblique masculine ew-stem<br> <i>-šu-</i>: masculine oblique case<br> <i>-r-</i>: gender marker possessum,,,
KVA-repr,KVA,,--,,,
BSQ-adn,BSQ,,3SG: bera-CASE,,,
BSQ-sort,BSQ,,%,,,
BSQ-lex,BSQ,,deictic pronominal/unknown,,,
BSQ-otherint,BSQ,,for 1st and 2nd person: 1/2SG: PRON.1/2SG-eu-CASE,,,
BSQ-ave,BSQ,,"1/2-eu-ERG, bera-k",,,
BSQ-refl,BSQ,,buru-CASE,,,
BSQ-otherrefl,BSQ,,%,,,
BSQ-own,BSQ,,INT-GEN buru-GEN,,,
BSQ-sfp,BSQ,,"baita, ere",,,
BSQ-paradigms,BSQ,,<i>n-</i>: PRON.1SG<br> <i>z-</i>: PRON.2SG.FRML<br> <i>h-</i>: PRON.2SG.INFRML<br> <i>g-</i>: PRON.1PL<br> <i>z-…-ek</i>: PRON.2PL<br> <i>berak</i>: PRON.3PL,,,
BSQ-comments,BSQ,,"<i>buru</i>: 'head'<br> (<i>bere</i>: <i>be</i>: PRON, <i>re</i>: GEN)<br> RECIP: <i>elkar</i>: each other (case marked)<br> <i>-k</i>: ERG<br> probably there is a 2nd AVE strategy with ERG reflexive",,,
BSQ-repr,BSQ,,--,,,
BNG-adn,BNG,,NP/PRO nije-CASE,,,
BNG-sort,BNG,,human,,,
BNG-lex,BNG,,%,,,
BNG-otherint,BNG,,%,,,
BNG-ave,BNG,,nije-CASE (nije-CASE),,,
BNG-refl,BNG,,nije-CASE,,,
BNG-otherrefl,BNG,,%,,,
BNG-own,BNG,,nije-GEN,,,
BNG-sfp,BNG,,%,,,
BNG-paradigms,BNG,,paradigm of <i>nije</i>:<br> NOM.SG: <i>nije-Ø</i><br> ACC.SG: <i>nije-ke</i><br> DAT.SG: <i>nije-ke</i><br> GEN.SG: <i>nije-r</i><br> NOM.PL: <i>nije-Ø</i><br> ACC.PL: <i>nije-der</i><br> DAT.PL: <i>nije-der</i><br> GEN.PL: <i>nije-der</i><br>,,,
BNG-comments,BNG,,"intensified NPs are always subjects, though not necessarily in the nominative case (for dative subjects, cf. ex. 51)<br> AVE: <i>nije</i>-CASE may be reduplicated (cf. ex. 52)<br> <i>nije-r</i> ('own') precedes its head NP; alternative expression for <i>nijer</i> : <i>apan</i>, which is restricted to human possessors<br>",,,
BNG-repr,BNG,,--,,,
BLG-adn,BLG,,sam-CASE(-ART) NP,,,
BLG-sort,BLG,,none,,,
BLG-lex,BLG,,PIE <i>*sem</i> 'one' (?),,,
BLG-otherint,BLG,,"<i>lično</i> 'personally', cf. <i>lice</i> 'face'",,,
BLG-ave,BLG,,sam-NOM,,,
BLG-refl,BLG,,sebe si (ACC/DAT),,,
BLG-otherrefl,BLG,,%,,,
BLG-own,BLG,,sobstven,,,
BLG-sfp,BLG,,daže,,,
BLG-paradigms,BLG,,--,,,
BLG-comments,BLG,,"<i>sam</i>: also 'alone'; cf. <i>samo</i> 'only'<br> in PPs, 1st and 2nd person non-refl. pronouns occur in reflexive function in spoken Bulgarian<br> refl. clitics: se (ACC), si (DAT)",,,
BLG-repr,BLG,,&lt;c&gt;: voiceless alveolar affricate;,,,
YUH-adn,YUH,,(NP/PRO) jihgéi,,,
YUH-sort,YUH,,%,,,
YUH-lex,YUH,,%,,,
YUH-otherint,YUH,,%,,,
YUH-ave,YUH,,jihgéi,,,
YUH-refl,YUH,,jihgéi,,,
YUH-otherrefl,YUH,,%,,,
YUH-own,YUH,,(PRO+)jihgéi ge,,,
YUH-sfp,YUH,,unknown,,,
YUH-paradigms,YUH,,--,,,
YUH-comments,YUH,,<i>ge</i>: linking particle/attributive marker,,,
YUH-repr,YUH,,--,,,
CLN-adn,CLN,,NP/PRO mateix,,,
CLN-sort,CLN,,unknown,,,
CLN-lex,CLN,,Lat. 'PRO-<i>met</i> <i>ipse</i>-SUPERLATIVE',,,
CLN-otherint,CLN,,%,,,
CLN-ave,CLN,,PRO-mateix,,,
CLN-refl,CLN,,si; es (clitic),,,
CLN-otherrefl,CLN,,%,,,
CLN-own,CLN,,propi,,,
CLN-sfp,CLN,,fins,,,
CLN-paradigms,CLN,,--,,,
CLN-comments,CLN,,"<i>mateix</i> can precede or follow the NP. When it precedes the NP, it has the meaning 'the same'.<br> Reflexivity is expressed by means of clitic (<i>es</i>) or non-clitic (<i>si</i>) pronouns<br> <i>es</i> is only used for third person and when the reflexive is a direct or indirect object<br> regular object pronouns are used with first and second person. In PPs <i>si(+mateix)</i> alternates with PRON<i>-mateix</i>",,,
CLN-repr,CLN,,--,,,
VMN-adn,VMN,,máá-POSS (NP),,,
VMN-sort,VMN,,animate,,,
VMN-lex,VMN,,"<i>máʔá</i> ('very', 'exact')",,,
VMN-otherint,VMN,,%,,,
VMN-ave,VMN,,máʔʉ̃́ʉ̃́,,,
VMN-refl,VMN,,máá-POSS,,,
VMN-otherrefl,VMN,,%,,,
VMN-own,VMN,,máá-POSS,,,
VMN-sfp,VMN,,%,,,
VMN-paradigms,VMN,,paradigm of <i>máá-</i>:<br> <table> <tr><td>1SG.FAM:</td><td>máá-rí</td></tr> <tr><td>1SG.POL:</td><td>máá-na</td></tr> <tr><td>2SG.FAM:</td><td>máá-ro</td></tr> <tr><td>2SG.POL:</td><td>máá-ní</td></tr> <tr><td>3SG.UNMARKED</td><td>máá-ø</td></tr> <tr><td>3SG.MASC</td><td>máá-ðe</td></tr> <tr><td>3SG.FEM</td><td>máá-ña</td></tr> <tr><td>3SG.ANIMAL</td><td>máá-tʉ</td></tr> <tr><td>1PL.INCL</td><td>máá-žó</td></tr> </table> there are no special plural forms for the second and third person,,,
VMN-comments,VMN,,<i>máá</i>-POSS varies according to person and number (the relevant clitic is used),,,
VMN-repr,VMN,,"&lt;ʉ&gt;: central high vowel; in most of the original references, &lt;ɨ&gt; is used for this vowel",,,
NCI-adn,NCI,,(PRO/NP) POSS-noʔmaʔ,,,
NCI-sort,NCI,,unknown,,,
NCI-lex,NCI,,possibly 'my-hand',,,
NCI-otherint,NCI,,<i>wel</i> PRO (only high rank reading)<br><i>-neʔwia:n</i><br><i>-ixkoiya:n</i>,,,
NCI-ave,NCI,,POSS-noʔmaʔ,,,
NCI-refl,NCI,,verbal prefix (cf. paradigms),,,
NCI-otherrefl,NCI,,%,,,
NCI-own,NCI,,POSS-noʔmaʔ,,,
NCI-sfp,NCI,,%,,,
NCI-paradigms,NCI,,intensifier: <table> <tr><td>1SG:</td><td>no-noʔmaʔ</td></tr> <tr><td>2SG:</td><td>mo-noʔmaʔ</td></tr> <tr><td>3SG:</td><td>i-noʔmaʔ</td></tr> <tr><td>1PL:</td><td>to-noʔmaʔ</td></tr> <tr><td>2PL:</td><td>amo-noʔmaʔ</td></tr> <tr><td>3PL:</td><td>in-noʔmaʔ</td></tr> </table> <br> reflexive:<br> <table> <tr><td>1SG:</td><td>no-</td></tr> <tr><td>2SG:</td><td>mo-</td></tr> <tr><td>3SG:</td><td>mo-</td></tr> <tr><td>1PL:</td><td>to-</td></tr> <tr><td>2PL:</td><td>mo-</td></tr> <tr><td>3PL:</td><td>mo-</td></tr> </table> there is also an impersonal reflexive: <i>ne-</i> (invariant),,,
NCI-comments,NCI,,--,,,
NCI-repr,NCI,,--,,,
ZOC-adn,ZOC,,POSS-neʔkɨ,,,
ZOC-sort,ZOC,,human,,,
ZOC-lex,ZOC,,"<i>neʔ</i>: 'own', <i>kɨ</i>: pronominal stem",,,
ZOC-otherint,ZOC,,%,,,
ZOC-ave,ZOC,,"POSS-neʔkɨ (in preverbal/focal position),  naytyumýɨ(alone)",,,
ZOC-refl,ZOC,,POSS-win,,,
ZOC-otherrefl,ZOC,,%,,,
ZOC-own,ZOC,,POSS-neʔ,,,
ZOC-sfp,ZOC,,asta (&lt; Spanish hasta),,,
ZOC-paradigms,ZOC,,--,,,
ZOC-comments,ZOC,,"<i>-win</i>: body;<br> <i>-neʔkɨ</i>: pronoun, may not be adjoined to NPs (*<i>Juan ñe'kɨ</i>)<br> <i>naytyumɨ</i>: &lt; <i>nay-tumɨ</i> 'RECP-one')<br> <i>-neʔ-kɨ</i>: ~ 'that of his own'<br>",,,
ZOC-repr,ZOC,,&lt;Y-&gt;: palatalization; indicates 3rd person possessor or ergative cross-referencing<br> &lt;N-&gt;: nasalization; indicates 1st/2nd person possessor or ergative cross-reference,,,
DNS-adn,DNS,,NP/PRO selv,,,
DNS-sort,DNS,,none,,,
DNS-lex,DNS,,unknown,,,
DNS-otherint,DNS,,%,,,
DNS-ave,DNS,,selv,,,
DNS-refl,DNS,,sig (selv),,,
DNS-otherrefl,DNS,,%,,,
DNS-own,DNS,,egen,,,
DNS-sfp,DNS,,selv,,,
DNS-paradigms,DNS,,--,,,
DNS-comments,DNS,,"<i>mig, dig (os, jer)</i>: 1st/2nd person (plural) in reflexive contexts identical to normal pronouns",,,
DNS-repr,DNS,,--,,,
DUT-adn,DUT,,NP/PRO zelf,,,
DUT-sort,DUT,,none,,,
DUT-lex,DUT,,unknown,,,
DUT-otherint,DUT,,%,,,
DUT-ave,DUT,,zelf,,,
DUT-refl,DUT,,zich(zelf),,,
DUT-otherrefl,DUT,,%,,,
DUT-own,DUT,,eigen,,,
DUT-sfp,DUT,,zelf,,,
DUT-paradigms,DUT,,accusative forms of pronouns:<br> <table> <tr><td>person</td><td>full form</td><td>reduced form</td></tr> <tr><td>1SG:</td><td><i>mij</i></td><td><i>me</i></td></tr> <tr><td>2SG:</td><td><i>jou</i></td><td><i>je</i></td></tr> <tr><td>3SG.MASC:</td><td><i>hem</i></td><td>--</td></tr> <tr><td>3SG.FEM:</td><td><i>haar</i></td><td>--</td></tr> <tr><td>3SG.NEUT</td><td><i>het</i></td><td><i>'t</i></td></tr> <tr><td>1PL:</td><td><i>ons</i></td><td>--</td></tr> <tr><td>2PL:</td><td><i>jullie</i></td><td>--</td></tr> <tr><td>3PL:</td><td><i>hen</i></td><td>--</td></tr> </table>,,,
DUT-comments,DUT,,"<i>zich</i>: reflexive marker with typically self-directed verbs (<i>wassen</i> 'wash', <i>scheren</i> 'shave')<br> under certain circumstances, <i>zich</i> can be bound by a non-c-commmanding antecedent (cf. example 547)<br> <i>zichzelf</i>: reflexive marker with typically other-directed verbs (<i>haten</i> 'hate', <i>kritiseren</i> 'critizise')<br> 1st/2nd person (plural) in reflexive contexts identical to normal pronouns",,,
DUT-repr,DUT,,--,,,
ENG-adn,ENG,,NP PRO-self,,,
ENG-sort,ENG,,none,,,
ENG-lex,ENG,,unknown,,,
ENG-otherint,ENG,,"<i>personally</i> (adnominal); <i>alone</i>, <i>by x-self</i> (adverbial exclusive)",,,
ENG-ave,ENG,,PRON-self,,,
ENG-refl,ENG,,PRON-self,,,
ENG-otherrefl,ENG,,%,,,
ENG-own,ENG,,own,,,
ENG-sfp,ENG,,even,,,
ENG-paradigms,ENG,,NULL,,,
ENG-comments,ENG,,adn: 1/2: PRO POSSPRO-self<br> 3: NP PRON(OBJ)-self,,,
ENG-repr,ENG,,NULL,,,
FIN-adn,FIN,,NP/PRO itse-CASE,,,
FIN-sort,FIN,,none,,,
FIN-lex,FIN,,unknown,,,
FIN-otherint,FIN,,%,,,
FIN-ave,FIN,,itse,,,
FIN-refl,FIN,,itse-CASE-POSS,,,
FIN-otherrefl,FIN,,V-UtU- (verbal),,,
FIN-own,FIN,,oma-NUM-CASE,,,
FIN-sfp,FIN,,"itse, jopa",,,
FIN-paradigms,FIN,,NULL,,,
FIN-comments,FIN,,"<i>itse</i> can be used with inanimate NPs and object NPs: AVE is zero-marked for nominative, just like the citation form of ADN: <i>U</i>: exact vowel depends on vowel harmony",,,
FIN-repr,FIN,,NULL,,,
FRN-adn,FRN,,(NP) PRO-même,,,
FRN-sort,FRN,,none,,,
FRN-lex,FRN,,unknown,,,
FRN-otherint,FRN,,<i>en personne</i> (adnominal) ('personally'),,,
FRN-ave,FRN,,PRO-même,,,
FRN-refl,FRN,,se (clitic) [soi],,,
FRN-otherrefl,FRN,,%,,,
FRN-own,FRN,,POSS.PRO propre,,,
FRN-sfp,FRN,,même,,,
FRN-paradigms,FRN,,--,,,
FRN-comments,FRN,,"animate NPs take PRO <i>même</i><br> inanimate NPs may as well take only <i>même</i><br> pronominal arguments take only <i>même</i><br> PRO: non-clitic pronouns (<i>moi, toi, lui, elle, nous, vous, eux, elles</i>) <br><i>soi</i>: non-clitic reflexive, only in impersonal constructions <br>reflexive <i>se</i> is not used in PPs; simple non-clitic pronouns are used instead (therefore arguably (partial) identity of AVE and REFL?)",,,
FRN-repr,FRN,,--,,,
GLI-adn,GLI,,NP/PRO féin,,,
GLI-sort,GLI,,none,,,
GLI-lex,GLI,,%,,,
GLI-otherint,GLI,,%,,,
GLI-ave,GLI,,(PRO)-féin,,,
GLI-refl,GLI,,(PRO)-féin,,,
GLI-otherrefl,GLI,,%,,,
GLI-own,GLI,,féin,,,
GLI-sfp,GLI,,hene,,,
GLI-paradigms,GLI,,--,,,
GLI-comments,GLI,,"<i>féin</i> can be doubled<br> <i>féin</i> adjoins to nominals; it may also be attached directly to independent pronouns or conjugated pronominal forms (<i>sinn féin</i>: we ourselves) <br><i>fhéin</i>: variant of <i>féin</i><br> pronouns inflect for person, gender, number<br> pronoun is obligatory unless nominal is inanimate (?)",,,
GLI-repr,GLI,,--,,,
GER-adn,GER,,NP/PRO selbst,,,
GER-sort,GER,,none,,,
GER-lex,GER,,unknown,,,
GER-otherint,GER,,"<i>selber</i> (free variant of <i>selbst</i>)<br> <i>(höchst)persönlich</i> (restricted to humans with a high social rank), <i>leibhaftig</i>, <i>höchstselbst</i><br> <i>allein</i> (anti-comitative); <i>von selbst/von allein</i> (anti-causative, anti-initiative)",,,
GER-ave,GER,,"selbst, allein",,,
GER-refl,GER,,sich,,,
GER-otherrefl,GER,,%,,,
GER-own,GER,,eigen,,,
GER-sfp,GER,,"selbst, sogar",,,
GER-paradigms,GER,,--,,,
GER-comments,GER,,--,,,
GER-repr,GER,,--,,,
GRK-adn,GRK,,PRO/NP ART ídhi-,,,
GRK-sort,GRK,,none,,,
GRK-lex,GRK,,'own',,,
GRK-otherint,GRK,,%,,,
GRK-ave,GRK,,ART ídhios/ídhia/idhió,,,
GRK-refl,GRK,,ART eaftó.CASE PRO.GEN,,,
GRK-otherrefl,GRK,,(afto-) MIDDLE,,,
GRK-own,GRK,,dhikó (ADJ),,,
GRK-sfp,GRK,,ké,,,
GRK-paradigms,GRK,,adn: ídhios/ídhia/idhió,,,
GRK-comments,GRK,,"articles and adjectives inflects for gender, number, case<br> REFL: 3 strategies <ul> <li>1. nominal: <i>o eaftó mu</i>: citation form (NOM, MASC); <i>eaftó</i> is inherently MASC; Modern Greek has no proper possessive pronouns; genitive forms of personal pronouns are used.</li> <li>2. middle voice verb forms</li> <li>3. lexical derivation: prefix: <i>afto-</i> plus (2); (2) alone is ambiguous (weak strategy) </li> </ul>",,,
GRK-repr,GRK,,&lt;dh&gt;: voiced dental fricative,,,
GJR-adn,GJR,,NP/PRO pote-CASE,,,
GJR-sort,GJR,,none,,,
GJR-lex,GJR,,cf. comments,,,
GJR-otherint,GJR,,"<i>svayam</i>, <i>svatah</i> and <i>nij</i> are Sanskrit loans used to express anti-causative meaning ('by itself') and AVE; <i>khud</i>: (cf. Persian <i>xod</i>)",,,
GJR-ave,GJR,,potaan-GD.NB (meLe),,,
GJR-refl,GJR,,pote-CASE,,,
GJR-otherrefl,GJR,,%,,,
GJR-own,GJR,,potaan-GD.NB,,,
GJR-sfp,GJR,,%,,,
GJR-paradigms,GJR,,paradigm of <i>pote</i>:<br> NOM: <i>pote-Ø</i><br> ERG: <i>pote-Ø</i><br> ACC: <i>potaane</i><br> DAT: <i>potaane</i><br> GEN: <i>potaan</i>-GENDER/NUMBER<br> LOC: <i>pota(naa)mãã</i><br> INST: <i>potaa(naa)thi,,,
GJR-comments,GJR,,ADN: only with nominals that have subject properties<br> etymology of <i>pote</i> (competing analyses):<br> a) <Sanskrit <i>svah-tah</i>: reflexive-ablative;<br> b) <Sanskrit reduplicated <i>atman</i> 'soul';<br> c) <Prakrit <i>pottaa</i> 'cloth'<br> There is also a 'literary reflexive pronoun' <i>nij</i> (cf. Mistry 2000: 367f.)<br> alternative expression for 'own': <i>meLe</i>,,,
GJR-repr,GJR,,&lt;Capitals&gt;: Retroflex articulation,,,
HBR-adn,HBR,,NP/PRO (be-)atsm-POSS,,,
HBR-sort,HBR,,none,,,
HBR-lex,HBR,,'bone',,,
HBR-otherint,HBR,,%,,,
HBR-ave,HBR,,be-atsm-POSS,,,
HBR-refl,HBR,,atsm-POSS,,,
HBR-otherrefl,HBR,,%,,,
HBR-own,HBR,,%,,,
HBR-sfp,HBR,,afilu,,,
HBR-paradigms,HBR,,<table> <tr><td>1.SG</td><td><i>atsmi</i></td></tr> <tr><td>2.SG.MASC</td><td><i>atsmeχa</i></td></tr> <tr><td>2.SG.FEM</td><td><i>atsmeχ</i></td></tr> <tr><td>3.SG.MASC</td><td><i>atsmo</i></td></tr> <tr><td>3.SG.FEM</td><td><i>atsma</i></td></tr> <tr><td>1.PL</td><td><i>atsménu</i></td></tr> <tr><td>2.PL.MASC</td><td><i>atsmeχem</i></td></tr> <tr><td>2.PL.FEM</td><td><i>atsmeχen</i></td></tr> <tr><td>3.PL.MASC</td><td><i>atsmam</i></td></tr> <tr><td>3.PL.FEM</td><td><i>atsman</i></td></tr> </table>,,,
HBR-comments,HBR,,"citation form of <i>-atsm-</i>: <i>etsem</i><br> <i>hitpa'el</i>: verbal strategy with middle semantics<br> <i>be-</i>: instrumental clitic preposition ('in', 'with')<br> ADN: use of <i>be-</i> is colloquial<br> AVE: <i>be-</i> is probably obligatory<br> refl: also hitpa'el conjugation (middle semantics)",,,
HBR-repr,HBR,,&lt;χ&gt;: velar/uvular fricative<br>,,,
HND-adn,HND,,NP/PRO aap,,,
HND-sort,HND,,none,,,
HND-lex,HND,,unknown,,,
HND-otherint,HND,,"<i>xud</i> (cf. Persian <i>xod</i> ), <i>svayam</i> (< Sanskrit <i>svah-tah</i>)",,,
HND-ave,HND,,apnee aap,,,
HND-refl,HND,,apnee (aap),,,
HND-otherrefl,HND,,%,,,
HND-own,HND,,aapn-,,,
HND-sfp,HND,,%,,,
HND-paradigms,HND,,'own':<br> GEN.MASC: apnaa<br> GEN.FEM: apnii,,,
HND-comments,HND,,"<i>apnee aap</i>: citation form<br> <i>aap</i>: also used as a honorific pronoun, 3.SG/PL pronoun, reflexive pronoun<br> <i>svayam</i>: of Sanskrit origin<br> <i>xud/khud</i>: Urdu, colloquial Hindi (cf. Persian <i>xod</i>)<br> <i>apnee</i>: REFL.OBL; light vs. heavy reflexive roughly corresponds to verbal vs. nominal reflexivization strategy<br> <i>aap</i>: NOM of REFL",,,
HND-repr,HND,,--,,,
HNG-adn,HNG,,(NP/PRO) mag-POSS,,,
HNG-sort,HNG,,none,,,
HNG-lex,HNG,,'seed',,,
HNG-otherint,HNG,,%,,,
HNG-ave,HNG,,mag-POSS,,,
HNG-refl,HNG,,mag-POSS,,,
HNG-otherrefl,HNG,,verbal affix,,,
HNG-own,HNG,,saját,,,
HNG-sfp,HNG,,még,,,
HNG-paradigms,HNG,,reflexive pronouns:<br> <table> <tr><td>NOM.1SG.</td><td><i>maga-m</i></td></tr> <tr><td>NOM.2SG:</td><td><i>maga-d</i></td></tr> <tr><td>NOM.3SG:</td><td><i>mag-a</i></td></tr> <tr><td>NOM.1PL:</td><td><i>magunk</i></td></tr> <tr><td>NOM.2PL:</td><td><i>magatok</i></td></tr> <tr><td>NOM.3PL:</td><td><i>maguk</i></td></tr> </table>,,,
HNG-comments,HNG,,"suffixing <<i>é</i>> to <i>mag</i> yields 'mine', 'yours' etc.<br> There is a set of derivative affixes that form reflexive verbs from agentive ones",,,
HNG-repr,HNG,,--,,,
ISL-adn,ISL,,NP/PRO sjálf-,,,
ISL-sort,ISL,,none,,,
ISL-lex,ISL,,unknown,,,
ISL-otherint,ISL,,%,,,
ISL-ave,ISL,,sjálfur (NOM of sjálf-),,,
ISL-refl,ISL,,sig,,,
ISL-otherrefl,ISL,,%,,,
ISL-own,ISL,,eigin,,,
ISL-sfp,ISL,,jafnvel,,,
ISL-paradigms,ISL,,paradigm of <i>sig</i>: <table> <tr><td>GEN</td><td>sín</td></tr> <tr><td>DAT</td><td>sér</td></tr> <tr><td>ACC</td><td>sig</td></tr> </table> paradigm of <i>sjálf-</i> <table> <tr><td colspan='4'>SG</td></tr> <tr><td></td><td>MASC</td><td>FEM</td><td>NEUT</td></tr> <tr><td>NOM</td><td>sjálf-ur</td><td>sjálf</td><td>sjálf-t</td></tr> <tr><td>GEN</td><td>sjálf-s</td><td>sjálf-rar</td><td>sjálf-s</td></tr> <tr><td>DAT</td><td>sjálf-um</td><td>sjálf-ri</td><td>sjálf-u</td></tr> <tr><td>ACC</td><td>sjálf-an</td><td>sjálf-a</td><td>sjálf-t</td></tr> <tr><td colspan='4'>PL</td></tr> <tr><td>NOM</td><td>sjálf-ir</td><td>sjálf-ar</td><td>sjálf</td></tr> <tr><td>GEN</td><td>sjálf-ra</td><td>sjálf-ra</td><td>sjálf-ra</td></tr> <tr><td>DAT</td><td>sjálf-um</td><td>sjálf-um</td><td>sjálf-um</td></tr> <tr><td>ACC</td><td>sjálf-a</td><td>sjálf-ar</td><td>sjálf</td></tr> </table>,,,
ISL-comments,ISL,,"<i>sjálf-</i> inflects for case, gender, number<br> <i>sig</i> inflects for case",,,
ISL-repr,ISL,,--,,,
INZ-adn,INZ,,(NP/PRO) sendiri,,,
INZ-sort,INZ,,none,,,
INZ-lex,INZ,,'alone'; <i>sen</i>: 'one',,,
INZ-otherint,INZ,,<i>sendiri-sendirian</i> (reduplicated); <i>seorang diri</i> ('alone'),,,
INZ-ave,INZ,,sendiri,,,
INZ-refl,INZ,,diri/sendiri,,,
INZ-otherrefl,INZ,,%,,,
INZ-own,INZ,,sendiri,,,
INZ-sfp,INZ,,%,,,
INZ-paradigms,INZ,,--,,,
INZ-comments,INZ,,data are Riau Indonesian<br> <i>sendiri</i> seems to be used when emphasis is put on the reflexive object;<br> the reflexive object is in focus,,,
INZ-repr,INZ,,--,,,
ITN-adn,ITN,,NP/PRO stess-GD.NB,,,
ITN-sort,ITN,,none,,,
ITN-lex,ITN,,Lat. <i>-met ipsim-</i> (superlative of <i>ipse</i>),,,
ITN-otherint,ITN,,<i>in persona</i> 'in person',,,
ITN-ave,ITN,,PRO stess-,,,
ITN-refl,ITN,,"sé, si (clitic)",,,
ITN-otherrefl,ITN,,%,,,
ITN-own,ITN,,propri-GD.NB,,,
ITN-sfp,ITN,,persino,,,
ITN-paradigms,ITN,,--,,,
ITN-comments,ITN,,--,,,
ITN-repr,ITN,,--,,,
JPN-adn,JPN,,(NP/PRO) jishin,,,
JPN-sort,JPN,,humans,,,
JPN-lex,JPN,,%,,,
JPN-otherint,JPN,,<i>jitai</i> (for inanimate referents),,,
JPN-ave,JPN,,jibun-INSTR,,,
JPN-refl,JPN,,jibun-CASE,,,
JPN-otherrefl,JPN,,%,,,
JPN-own,JPN,,jibun-CASE,,,
JPN-sfp,JPN,,sae,,,
JPN-paradigms,JPN,,--,,,
JPN-comments,JPN,,"<i>jishin</i> often occupies the position of the topic/case-postpositions (<i>ga</i>, <i>wa</i>)<br> if it co-occurs with <i>wa</i>, this yields a contrastive topic construction<br> further reflexivisation strategy: <i>ziko-</i> + verb<br> <i>jibun-de</i>: anaphor + instrumental postposition",,,
JPN-repr,JPN,,--,,,
KJV-adn,KJV,,[NP/PRO] taan-CASE-ee,,,
KJV-sort,KJV,,<i>taan</i>: only with animate NPs,,,
KJV-lex,KJV,,"Vedic <i>tman</i> ('vital breath', 'one's own person')",,,
KJV-otherint,KJV,,[NP/PRO] PRO-CASE-ee,,,
KJV-ave,KJV,,taan-NOM/PRO-NOM,,,
KJV-refl,KJV,,-koLLu + taan,,,
KJV-otherrefl,KJV,,%,,,
KJV-own,KJV,,taan-GEN/PRO-GEN,,,
KJV-sfp,KJV,,%,,,
KJV-paradigms,KJV,,Free pronouns: <table> <tr><td>1SG:</td><td><i>naanu</i></td></tr> <tr><td>2SG:</td><td><i>niinu</i></td></tr> <tr><td>3SG.REM.MASC:</td><td><i>avanu</i></td></tr> <tr><td>3SG.REM.FEM:</td><td><i>avaLu</i></td></tr> <tr><td>3SG.REM.NEUT:</td><td><i>adu</i></td></tr> </table>,,,
KJV-comments,KJV,,"<i>-ee</i>: emphatic focalizer<br> <i>taan</i>: must be bound by a sentence-mate antecedent or logophoric centre, but requires verbal reflexive <i>-koLLu</i> when referring back to a co-argument<br> <i>taan</i>: only third person<br> <i>-koLLu</i>: middle marker/verbal reflexive<br> alternative expression for 'own':<i>swanta</i>",,,
KJV-repr,KJV,,capital letters indicate retroflex articulation,,,
BTX-adn,BTX,,NP/PRO jine,,,
BTX-sort,BTX,,%,,,
BTX-lex,BTX,,%,,,
BTX-otherint,BTX,,jineken,,,
BTX-ave,BTX,,"sisasa (anti-comitative), bana (anti-causative, anti-assistive)",,,
BTX-refl,BTX,,bana,,,
BTX-otherrefl,BTX,,%,,,
BTX-own,BTX,,%,,,
BTX-sfp,BTX,,%,,,
BTX-paradigms,BTX,,NULL,,,
BTX-comments,BTX,,<i>sisasa</i>: 'alone' (anti-comitative); reflexive <i>bana</i> is also used in anti-causative and anti-assistive contexts,,,
BTX-repr,BTX,,NULL,,,
KSH-adn,KSH,,(NP) PRO-ay,,,
KSH-sort,KSH,,none,,,
KSH-lex,KSH,,'body',,,
KSH-otherint,KSH,,%,,,
KSH-ave,KSH,,"panun, PRO-ay",,,
KSH-refl,KSH,,(panun) paan,,,
KSH-otherrefl,KSH,,%,,,
KSH-own,KSH,,panun,,,
KSH-sfp,KSH,,%,,,
KSH-paradigms,KSH,,--,,,
KSH-comments,KSH,,"<i>-ay</i>: emphatic element<br> the reflexive <i>paan</i> is derived from the Vedic <i>tman</i> 'vital breath, one's own person'<br> in Modern Kashmiri <i>paan</i> also means 'body'<br> <i>paan</i>: light reflexive strategy<br> <i>panun paan</i>: heavy strategy",,,
KSH-repr,KSH,,--,,,
KIN-adn,KIN,,NP/PRO ub-POSS,,,
KIN-sort,KIN,,no inanimates,,,
KIN-lex,KIN,,"<i>ubu</i>-POSS;<i>ubu</i>: preposition 'from, by'",,,
KIN-otherint,KIN,,PRON-<i>nyine</i>: 'alone' (~adv exclusive),,,
KIN-ave,KIN,,REFL-V-APPL,,,
KIN-refl,KIN,,íi(y)-V,,,
KIN-otherrefl,KIN,,%,,,
KIN-own,KIN,,REFL-V-APPL,,,
KIN-sfp,KIN,,%,,,
KIN-paradigms,KIN,,paradigm of <i>ub</i>-POSS:<br> 1SG: <i>ub-wanye</i><br> 2SG: <i>ub-wawe</i><br> 3SG: <i>ub-we</i><br> 1PL: <i>ub-waku</i><br> 2PL: <i>ub-wanyu</i><br> 3PL: <i>ub-wabo</i><br>,,,
KIN-comments,KIN,,APPL (applicative): <i>-ir/-er</i>,,,
KIN-repr,KIN,,--,,,
KKN-adn,KKN,,(NP/PRO) casin,,,
KKN-sort,KKN,,human,,,
KKN-lex,KKN,,<i>sin</i>: 'body',,,
KKN-otherint,KKN,,<i>cachey</i> (for non-human reference); <i>tangsin</i> (2nd person pronoun used for an honoured third-person),,,
KKN-ave,KKN,,jikjob,,,
KKN-refl,KKN,,caki,,,
KKN-otherrefl,KKN,,"casin, cakicasin",,,
KKN-own,KKN,,%,,,
KKN-sfp,KKN,,-to,,,
KKN-paradigms,KKN,,--,,,
KKN-comments,KKN,,increasing locality requirement for reflexives: <i>caki</i> > <i>casin</i> > <i>cakicasin</i>; jikjob: ’with one’s body’,,,
KKN-repr,KKN,,--,,,
KHQ-adn,KHQ,,NP/PRO jaati(r),,,
KHQ-sort,KHQ,,none,,,
KHQ-lex,KHQ,,cf. Arabic <i>ðaat</i> ('self'),,,
KHQ-otherint,KHQ,,<i>nda</i> POSS.PRO <i>bomo</i>: 'by x-self' (lit.: 'with POSS.PRO head'),,,
KHQ-ave,KHQ,,huneyno,,,
KHQ-refl,KHQ,,POSS bomo (heavy),,,
KHQ-otherrefl,KHQ,,ŋgu (light),,,
KHQ-own,KHQ,,ŋgu,,,
KHQ-sfp,KHQ,,wala,,,
KHQ-paradigms,KHQ,,"pronouns:<br> 1SG: <i>ay</i> (S), <i>ey</i> (OBJ)<br> 2SG: <i>ni</i><br> 1PL: <i>yer</i><br> 2PL: <i>wor</i>, <i>war</i><br> 3SG: <i>a</i> (S), <i>ga</i> (OBJ)<br> 3PL: <i>i</i> (S), <i>gi/ji</i> (OBJ)<br> <br> light reflexives/logophoric pronouns in the third person:<br> 3SG:<i> ŋgu, ŋu</i><br> 3PL:<i> ŋgu-yo, ŋgi-yo</i> (there are vocalic alternations)",,,
KHQ-comments,KHQ,,the variant <i>jaatir</i> is used chiefly in the definite form ending in <i>di</i><br> reduplication is possible (<i>jaati-jaati(r)</i>)<br> PRO <i>huneyno</i>: 'by oneself'; <i>huna</i>: 'life';<br> <i>bomo</i>: 'head' (heavy reflexive)<br> <i>ŋgu</i>: light reflexive<br> 1st and 2nd person: regular pronouns are used as reflexive markers<br> light reflexives are identical in form to logophoric pronouns and are also used as reflexive possessive pronouns<br> <i>wala</i>: also means 'or'<br> additional reflexive strategy: <i>ŋgu bomo</i> ('extra heavy'),,,
KHQ-repr,KHQ,,--,,,
LTN-adn,LTN,,(NP/PRO) ips-CASE.GD.NB,,,
LTN-sort,LTN,,none,,,
LTN-lex,LTN,,"&lt; <i>is-pse</i> ('DEM -emphatic element'; cf. <i>rea-pse</i> 'indeed', 'in the thing itself')",,,
LTN-otherint,LTN,,<i>-met</i> (<i>ego-met</i> 'I myself'),,,
LTN-ave,LTN,,ips-NOM,,,
LTN-refl,LTN,,se,,,
LTN-otherrefl,LTN,,%,,,
LTN-own,LTN,,"suus/a/um, proprius/a/um",,,
LTN-sfp,LTN,,etiam,,,
LTN-paradigms,LTN,,--,,,
LTN-comments,LTN,,"in the first and second person, the common pronouns <i>me</i> (1st) and <i>te</i> (2nd) are used as reflexive pronouns<br>scalar focus particle also <i>vel</i> ('or')",,,
LTN-repr,LTN,,--,,,
LIT-adn,LIT,,pat-,,,
LIT-sort,LIT,,none,,,
LIT-lex,LIT,,"&lt; 'husband' (MASC), 'wife' (FEM)",,,
LIT-otherint,LIT,,%,,,
LIT-ave,LIT,,pat-,,,
LIT-refl,LIT,,"savè, -si",,,
LIT-otherrefl,LIT,,%,,,
LIT-own,LIT,,[(sàvo) pats]-N,,,
LIT-sfp,LIT,,net,,,
LIT-paradigms,LIT,,"intensifiers:<br> MASC: pàt-s NP<br> FEM: pat-ì NP <br>  <br> reflexive forms:<br> <table> <tr><td>GEN</td><td><i>savê:s, sàvo</i></td></tr> <tr><td>DAT</td><td><i>sáu</i></td></tr> <tr><td>ACC</td><td><i>savè</i></td><td> <tr><td>INSTR</td><td><i>savimì</i></td></tr> <tr><td>LOC</td><td><i>savyjè</i></td></tr> </table> reflexive clitic: <i>si</i>",,,
LIT-comments,LIT,,"<i>pat-</i> inflects for case, gender, number<br> there is a verbal reflexive <i>-si</i> which covers a range of functions similar to the reflexive suffixes in Slavic languages<br> <i>sàvo</i> is a third person reflexive pronoun (1st and 2nd person: màno, tàvo);<br> <i>pàts</i> is also used in prenominal position in the sense of 'exactly', 'just'<br> <i>pàts</i> can express 'the same' (Senn 1966: 205)<br> <i>pàt</i> as an inflecting particle occurs after locative adverbials or between preposition and NP in the sense of 'just', exactly' etc.<br> <i>sávo</i> is also used as possessive genitive",,,
LIT-repr,LIT,,--,,,
MEX-adn,MEX,,(PRO) tena-POSS,,,
MEX-sort,MEX,,"none (<i>mihitsy</i>), <i>tena</i> only with humans (?)",,,
MEX-lex,MEX,,'body',,,
MEX-otherint,MEX,,"(NP) <i>mihitsy</i>; in general, <i>mihitsy</i> 'indeed' is used with full NPs, and <i>tena</i> 'body' with pronouns (Charles Randriamasimanaga, p.c.); <i>irery</i> 'alone'",,,
MEX-ave,MEX,,ihany no PRO,,,
MEX-refl,MEX,,"tena, DET tena-POSS",,,
MEX-otherrefl,MEX,,%,,,
MEX-own,MEX,,no,,,
MEX-sfp,MEX,,%,,,
MEX-paradigms,MEX,,--,,,
MEX-comments,MEX,,"<i>tena</i> is incorporated into the verb when used as a reflexive marker (cf. Zribi-Hertz & Rajaonarisoa 1999)<br> <i>ny tena</i>-POSS: can be long-distance bound (unlike incorporated <i>tena</i>, which can only be locally bound)<br>adverbial intensifier is not formally identical to adnominal intensifier; instead, a focus construction with the focus construction marker <i>no</i> is used<br><i>ihany</i>: 'only'; <i>no</i>: focus construction marker<br>own: focus construction with <i>no</i>",,,
MEX-repr,MEX,,--,,,
MJS-adn,MJS,,NP/PRO tanne,,,
MJS-sort,MJS,,none,,,
MJS-lex,MJS,,"<i>tanne</i> &lt; <i>taan-ee</i>; <i>taan</i>: anaphoric element, <i>-ee</i>: emphatic element",,,
MJS-otherint,MJS,,PRO-<i>ee</i>; <i>tannattaan</i>: &lt; <i>tanne-aal + taan</i> 'INT-INSTR + <i>taan</i>' (Engl. 'by oneself'),,,
MJS-ave,MJS,,"tanne, svayam",,,
MJS-refl,MJS,,taan,,,
MJS-otherrefl,MJS,,"tannataan, svayam",,,
MJS-own,MJS,,svantham,,,
MJS-sfp,MJS,,poolum,,,
MJS-paradigms,MJS,,--,,,
MJS-comments,MJS,,"<i>tanne</i> is used in combination with personal pronouns<br> <i>taan</i> expresses reflexivity in the third person<br> <i>taan</i> inflects for number and case (cf. Asher, R.E. & T.C. Kumari 1997: 265)<br> <i>tanne</i> is invariant<br> <i>-koLLuka</i>: verbal affix (middle marker, cf. Kannada), which often cooccurs with <i>tanne</i>",,,
MJS-repr,MJS,,--,,,
MLS-adn,MLS,,nifs-PRON,,,
MLS-sort,MLS,,%,,,
MLS-lex,MLS,,<i>nifs</i>: 'breath' (cf. Arabic <i>nafs</i>: 'soul'),,,
MLS-otherint,MLS,,(PRO) <i>stess</i> (&lt; Italian <i>stesso</i>); <i>lil</i>-PRON + <i>stess</i>; <i>ruh</i> ('soul'),,,
MLS-ave,MLS,,nifs-PRON,,,
MLS-refl,MLS,,lil-PRON,,,
MLS-otherrefl,MLS,,"nifs-PRON, ruh-PRON",,,
MLS-own,MLS,,nifs-PRON,,,
MLS-sfp,MLS,,imqar,,,
MLS-paradigms,MLS,,--,,,
MLS-comments,MLS,,"<i>lil-</i>: object marker<br> there is a set of detransitivising medium markers (prefixes): <i>t-, n-, nt-</i>",,,
MLS-repr,MLS,,--,,,
CHN-adn,CHN,,zìjĭ,,,
CHN-sort,CHN,,animate,,,
CHN-lex,CHN,,'nose',,,
CHN-otherint,CHN,,"<i>bĕnshēn</i> (adnominal; inanimate referents; cannot be used with agentive verbs)<br> <i>bĕnrén</i> (adnominal; only human referents)<br><i>qīnshŏu</i> (‘(with) own hand’; adverbial exclusive)<br><i>qīnyăn</i> (‘(with) own eyes’; adverbial exclusive)<br> <i>qīnkŏu</i> (‘(with) own mouth; adverbial exclusive)<br><i>qīnĕr</i> (‘(with) own ears; adverbial exclusive)<br> <i>qīnbĭ</i> (‘(with) own brush, in one’s own handwriting’; adverbial exclusive)<br> <i>qīnzì</i> ‘personally’",,,
CHN-ave,CHN,,zìjĭ,,,
CHN-refl,CHN,,zìjĭ,,,
CHN-otherrefl,CHN,,%,,,
CHN-own,CHN,,zìjĭ-ATTR,,,
CHN-sfp,CHN,,lián,,,
CHN-paradigms,CHN,,--,,,
CHN-comments,CHN,,"ATTR: attributive marker <i>-de</i>; long-distance bound use of <i>zìjĭ</i> is possible<br>own: also <i>qīnshēn</i> (firsthand experience), <i>qīnshēng</i>",,,
CHN-repr,CHN,,--,,,
MBF-adn,MBF,,tino,,,
MBF-sort,MBF,,%,,,
MBF-lex,MBF,,%,,,
MBF-otherint,MBF,,%,,,
MBF-ave,MBF,,tino,,,
MBF-refl,MBF,,PRO-anoo,,,
MBF-otherrefl,MBF,,%,,,
MBF-own,MBF,,--,,,
MBF-sfp,MBF,,%,,,
MBF-paradigms,MBF,,NULL,,,
MBF-comments,MBF,,lexical source of reflexive: 'again',,,
MBF-repr,MBF,,NULL,,,
OTA-adn,OTA,,none (focus construction),,,
OTA-sort,OTA,,%,,,
OTA-lex,OTA,,%,,,
OTA-otherint,OTA,,%,,,
OTA-ave,OTA,,sɛ̌hɛ́,,,
OTA-refl,OTA,,&lt;N&gt;-V...(sɛ̌hɛ́),,,
OTA-otherrefl,OTA,,%,,,
OTA-own,OTA,,sɛ̌hɛ́,,,
OTA-sfp,OTA,,%,,,
OTA-paradigms,OTA,,--,,,
OTA-comments,OTA,,&lt;N-&gt;: nasalizing prefix (reflexive marker/middle voice),,,
OTA-repr,OTA,,&lt;  ̌&gt;: low-high tone<br> &lt;´&gt;: rising tone<br>,,,
BRT-adn,BRT,,NP/PRO end-eeun,,,
BRT-sort,BRT,,none,,,
BRT-lex,BRT,,"<i>end-eeun</i>: 'exactly, precisely' (ADV), 'real, very' (ADJ)",,,
BRT-otherint,BRT,,"POSS<i>-unan(-penn)</i> (< <i>unan</i> 'one'), also '(NP) alone'<br>NP <i>zoken</i> (or only scalar reading of <i>zoken</i>?)",,,
BRT-ave,BRT,,%,,,
BRT-refl,BRT,,en em V,,,
BRT-otherrefl,BRT,,%,,,
BRT-own,BRT,,%,,,
BRT-sfp,BRT,,zoken,,,
BRT-paradigms,BRT,,forms of POSS<i>-unan</i><br> 1st: <i>va-unan</i><br> 2nd: <i>hon-unan</i><br> 3rd: <i>e-unan</i>;,,,
BRT-comments,BRT,,<i>en em</i>: uninflected preverbal particle; verbal reflexive <i>en em</i> can probably cooccur with intensifier POSS<i>-unan</i> (?),,,
BRT-repr,BRT,,--,,,
NAV-adn,NAV,,t’áá,,,
NAV-sort,NAV,,%,,,
NAV-lex,NAV,,%,,,
NAV-otherint,NAV,,%,,,
NAV-ave,NAV,,%,,,
NAV-refl,NAV,,ad (clitic),,,
NAV-otherrefl,NAV,,%,,,
NAV-own,NAV,,--,,,
NAV-sfp,NAV,,%,,,
NAV-paradigms,NAV,,NULL,,,
NAV-comments,NAV,,--,,,
NAV-repr,NAV,,NULL,,,
NRN-adn,NRN,,PRO/NP selv- (Bokmål)<br> PRO/NP sjølv- (Nynorsk),,,
NRN-sort,NRN,,none,,,
NRN-lex,NRN,,unknown,,,
NRN-otherint,NRN,,%,,,
NRN-ave,NRN,,selv,,,
NRN-refl,NRN,,seg (selv),,,
NRN-otherrefl,NRN,,%,,,
NRN-own,NRN,,egen,,,
NRN-sfp,NRN,,selv,,,
NRN-paradigms,NRN,,<table> <tr><td></td><td colspan = '2'>singular</td><td colspan = '2'>plural</td></tr> <tr><td></td><td>indefinite</td><td>definite</td><td>indefinite</td><td>definite</td></tr> <tr><td>Nynorsk</td><td>sjølv</td><td>sjølve</td><td>sjølve</td><td>sjølve</td></tr> <tr><td>Bokmål</td><td>selv</td><td>selve</td><td>selv</td><td>selv</td></tr> </table>,,,
NRN-comments,NRN,,"the intensifier may either precede or follow the head NP<br>if it precedes, it shows definite inflection; if it follows, it occurs in its indefinite form<br> on the use of <i>seg (selv)</i> cf. Swedish <i>sig själv</i><br>",,,
NRN-repr,NRN,,--,,,
GAZ-adn,GAZ,,ofii POSS.PRO (NP),,,
GAZ-sort,GAZ,,%,,,
GAZ-lex,GAZ,,%,,,
GAZ-otherint,GAZ,,"<i>mataa</i> POSS.PRO ('head'); <i>qofaa</i> ('only, alone')",,,
GAZ-ave,GAZ,,ofii-POSS-INSTR,,,
GAZ-refl,GAZ,,of/if/uf,,,
GAZ-otherrefl,GAZ,,%,,,
GAZ-own,GAZ,,ofii/ifii,,,
GAZ-sfp,GAZ,,-llee/illee,,,
GAZ-paradigms,GAZ,,--,,,
GAZ-comments,GAZ,,This page is about the Afaan dialect of Oromo as described by Griefenow-Mewis (2001)<br> <i>ofii</i> is also used as a reflexive pronoun when emphasis is desired<br> Harar Oromo: reflexive forms are <i>ifíi</i> and <i>íf</i>,,,
GAZ-repr,GAZ,,--,,,
PES-adn,PES,,xod(-POSS)<br> xod-e NP/PRO,,,
PES-sort,PES,,none,,,
PES-lex,PES,,&lt; Old Persian <i>*xwēš</i>,,,
PES-otherint,PES,,"<i>šaxsan</i> 'personally, in person'<br> <i>nafs-</i> (cf. Arabic)<br> <i>xiš, xištan</i> are possessive intensifiers ('own')",,,
PES-ave,PES,,xod(-POSS),,,
PES-refl,PES,,xod(-POSS),,,
PES-otherrefl,PES,,%,,,
PES-own,PES,,xod-POSS,,,
PES-sfp,PES,,hattaa,,,
PES-paradigms,PES,,--,,,
PES-comments,PES,,--,,,
PES-repr,PES,,--,,,
PBI-adn,PBI,,(NP) ba mudarə-POSS,,,
PBI-sort,PBI,,%,,,
PBI-lex,PBI,,<i>ba</i>: 'with'; <i>mudarə</i>: 'head',,,
PBI-otherint,PBI,,<i>təguwayə</i> ('personally')<br> <i>kəðarə</i> ('by itself'),,,
PBI-ave,PBI,,ba mudarə-POSS,,,
PBI-refl,PBI,,bə PRO,,,
PBI-otherrefl,PBI,,%,,,
PBI-own,PBI,,təgu,,,
PBI-sfp,PBI,,%,,,
PBI-paradigms,PBI,,--,,,
PBI-comments,PBI,,--,,,
PBI-repr,PBI,,--,,,
PQL-adn,PQL,,PRO/NP sam-,,,
PQL-sort,PQL,,none,,,
PQL-lex,PQL,,Proto-IE <i>*sem</i> 'one' (?),,,
PQL-otherint,PQL,,%,,,
PQL-ave,PQL,,sam-,,,
PQL-refl,PQL,,"siebie, sie (verbal)",,,
PQL-otherrefl,PQL,,%,,,
PQL-own,PQL,,własny,,,
PQL-sfp,PQL,,"rowno, nawet, wlasnie",,,
PQL-paradigms,PQL,,--,,,
PQL-comments,PQL,,"<i>sam-</i> inflects for case, gender, number<br> as an adverbial-exclusive intensifier it is always in the nominative",,,
PQL-repr,PQL,,--,,,
POR-adn,POR,,NP/PRO mesm-,,,
POR-sort,POR,,none,,,
POR-lex,POR,,&lt; Lat. <i>-met ipsimus/a</i>,,,
POR-otherint,POR,,"<i>próprio</i> (originally 'own'); <i>sozinho</i> ('alone'), also adverbial intensifier",,,
POR-ave,POR,,PRO mesm-,,,
POR-refl,POR,,"si, se (clitic)",,,
POR-otherrefl,POR,,%,,,
POR-own,POR,,próprio,,,
POR-sfp,POR,,"até (mesmo), mesmo",,,
POR-paradigms,POR,,--,,,
POR-comments,POR,,--,,,
POR-repr,POR,,--,,,
PNJ-adn,PNJ,,PRO (apNe) aap<br> NP apNe aap,,,
PNJ-sort,PNJ,,none,,,
PNJ-lex,PNJ,,%,,,
PNJ-otherint,PNJ,,<i>xud</i>-CASE (cf. Persian <i>xod</i>)<br> <i>aap-hii</i> 'INT-EMPH' for Eng. 'by itself'<br> <i>aap</i> can also be used as an intensifier standing by itself,,,
PNJ-ave,PNJ,,apNe aap,,,
PNJ-refl,PNJ,,apNe,,,
PNJ-otherrefl,PNJ,,%,,,
PNJ-own,PNJ,,apNe,,,
PNJ-sfp,PNJ,,%,,,
PNJ-paradigms,PNJ,,--,,,
PNJ-comments,PNJ,,there is also a compound verb construction involving the explicator/auxilliary verb <i>laiNaa</i> 'to take' which is used to express reflexivity,,,
PNJ-repr,PNJ,,capital letters indicate retroflex articulation,,,
PBA-adn,PBA,,%,,,
PBA-sort,PBA,,%,,,
PBA-lex,PBA,,%,,,
PBA-otherint,PBA,,%,,,
PBA-ave,PBA,,%,,,
PBA-refl,PBA,,<i>a</i>,,,
PBA-otherrefl,PBA,,%,,,
PBA-own,PBA,,<i>a</i>,,,
PBA-sfp,PBA,,%,,,
PBA-paradigms,PBA,,--,,,
PBA-comments,PBA,,there is no genuine reflexive form (pronominal form followed by emphatic <i>a</i> is used),,,
PBA-repr,PBA,,--,,,
RUM-adn,RUM,,NP/PRO îns-PRON.GEN<br>îns-PRON.GEN NP/PRO,,,
RUM-sort,RUM,,none,,,
RUM-lex,RUM,,<i>îns</i>: 'individual' + unstressed genitive(/dative) pronoun,,,
RUM-otherint,RUM,,<i>chiar</i> (also: 'even'),,,
RUM-ave,RUM,,singur,,,
RUM-refl,RUM,,a) se/şi (verbal clitics)<br>b) sine,,,
RUM-otherrefl,RUM,,%,,,
RUM-own,RUM,,"proprio/a, chiar",,,
RUM-sfp,RUM,,chiar,,,
RUM-paradigms,RUM,,paradigm of <i>îns</i> (/s/ is palatalized before /i/): <table> <tr><td>PERS/NUM</td><td>MASC</td><td>FEM</td></tr> <tr><td>1SG</td><td>îns-umi</td><td>îns-ămi</td></tr> <tr><td>2SG</td><td>îns-uţi</td><td>îns-aţi</td></tr> <tr><td>3SG</td><td>îns-uşi</td><td>îns-ăşi</td></tr> <tr><td>1PL</td><td>înş-ine</td><td>îns-ene</td></tr> <tr><td>2PL</td><td>înş-ivă</td><td>îns-evă</td></tr> <tr><td>3PL</td><td>înş-işi</td><td>îns-ele</td></tr> </table>,,,
RUM-comments,RUM,,se/şi are phonologically reduced when preceding an auxiliary (se a > s-a)<br>,,,
RUM-repr,RUM,,--,,,
RUS-adn,RUS,,sam,,,
RUS-sort,RUS,,none,,,
RUS-lex,RUS,,Proto-IE <i>*sem</i> 'one' (?),,,
RUS-otherint,RUS,,<i>ličnyj</i> ('personally'),,,
RUS-ave,RUS,,sam,,,
RUS-refl,RUS,,"sebja, -sja/-s (verbal strategy)",,,
RUS-otherrefl,RUS,,%,,,
RUS-own,RUS,,sobstvennyj,,,
RUS-sfp,RUS,,daže,,,
RUS-paradigms,RUS,,--,,,
RUS-comments,RUS,,"<i>sam</i> and <i>sobstvennyj</i>: inflect for gender, number, case",,,
RUS-repr,RUS,,--,,,
SHD-adn,SHD,,NC-mèné,,,
SHD-sort,SHD,,none,,,
SHD-lex,SHD,,%,,,
SHD-otherint,SHD,,"reduplicated pronouns: <i>ìníní</i> ('I myself'), <i>ìwéwé</i> ('you yourself'), <i>íyèyè</i> ('he himself');<br>PRO/NP <i>pachá-</i>POSS; PRON-<i>égà</i> 'PRO alone' (cf. comments)",,,
SHD-ave,SHD,,"NC-mènè<br> pacha-POSS, zvi-...V... -APPL-...",,,
SHD-refl,SHD,,zvi-V,,,
SHD-otherrefl,SHD,,%,,,
SHD-own,SHD,,POSS-égà,,,
SHD-sfp,SHD,,kunyàngè,,,
SHD-paradigms,SHD,,NULL,,,
SHD-comments,SHD,,"<i>égà</i> is the common form in the Zezuru- and Manyika-dialects; in the Kangara-dialect, <i>ógà</i> is more common<br> APPL: infix <i>-ir-</i><br> NC: nominal class marker<br> paradigm of <i>mèné</i>:<br> 1SG <i>ìní ndó-mèné</i>: I myself<br> 2SG <i>ìwé wó-mèné</i>: you yorself<br> 3SG <i>íyè wó-mèné</i>: s/he herself/himself<br> 1PL <i>ìsú tó-mèné</i>: we ourselves<br> 2PL <i>ìmí mó-mèné</i>: you yourselves<br> 3PL <i>ívò vó-mèné</i>: they themselves<br> <i>zvi-</i>: reflexive prefix",,,
SHD-repr,SHD,,NULL,,,
SLO-adn,SLO,,NP/(PRO) sám,,,
SLO-sort,SLO,,none,,,
SLO-lex,SLO,,Proto-IE <i>*sem</i> 'one' (?),,,
SLO-otherint,SLO,,<i>osobno</i>: 'personally',,,
SLO-ave,SLO,,sám,,,
SLO-refl,SLO,,"seba, sa (clitic)",,,
SLO-otherrefl,SLO,,%,,,
SLO-own,SLO,,vlastné,,,
SLO-sfp,SLO,,"dokonca, až, ešte",,,
SLO-paradigms,SLO,,NULL,,,
SLO-comments,SLO,,"<i>sam</i> and <i>vlastné</i> inflect for gender, number, case",,,
SLO-repr,SLO,,NULL,,,
SOM-adn,SOM,,(PRO/NP) naft-POSS,,,
SOM-sort,SOM,,%,,,
SOM-lex,SOM,,cf. Arabic <i>nafs</i> ('soul'),,,
SOM-otherint,SOM,,"<i>qudh</i>-POSS, <i>laft</i>-POSS",,,
SOM-ave,SOM,,%,,,
SOM-refl,SOM,,is,,,
SOM-otherrefl,SOM,,%,,,
SOM-own,SOM,,%,,,
SOM-sfp,SOM,,xátaa,,,
SOM-paradigms,SOM,,"paradigms of <i>naft-</i> and <i>qudh-</i>:<br> 1SG: <i>naft-ayda</i>, <i>qudh-ayda</i><br> 2SG: <i>naft-ada</i>, <i>qudh-ada</i><br> 3SG.MASC: <i>naft-iisa</i>, <i>qudh-iisa</i><br> 3SG.FEM: <i>naft-eeda</i>, <i>qudh-eeda</i><br> 1PL: <i>naft-eena</i>, <i>qudh-eena</i><br> 2PL: <i>naft-iina</i>, <i>qudh-iina</i><br> 3PL: <i>naft-ooda</i>, <i>qudh-ooda</i><br>",,,
SOM-comments,SOM,,<i>is</i> is invariant,,,
SOM-repr,SOM,,--,,,
SNN-adn,SNN,,NP/PRO yinmé,,,
SNN-sort,SNN,,none,,,
SNN-lex,SNN,,'head',,,
SNN-otherint,SNN,,%,,,
SNN-ave,SNN,,yinmé,,,
SNN-refl,SNN,,du,,,
SNN-otherrefl,SNN,,%,,,
SNN-own,SNN,,POSS.PRO  yinmé,,,
SNN-sfp,SNN,,%,,,
SNN-paradigms,SNN,,--,,,
SNN-comments,SNN,,NP/PRO <i>yinmé</i>: can be analysed as a possessive construction (PSR PSM)<br> possessive pronouns are identical in form to common personal pronouns<br> <i>du</i>: reflexive marker<br> intensifier <i>yinmé</i> is optionally used to reinforce reflexivity,,,
SNN-repr,SNN,,--,,,
SPN-adn,SPN,,NP/PRO mismo/a,,,
SPN-sort,SPN,,none,,,
SPN-lex,SPN,,Lat. <i>-met ipsim-</i> (superlative),,,
SPN-otherint,SPN,,<i>mismísimo</i> (superlative of <i>mismo</i>)<br> <i>in persona</i> ('in person')<br> <i>propio/a</i> (or. 'own'),,,
SPN-ave,SPN,,PRO mismo,,,
SPN-refl,SPN,,"se, sí",,,
SPN-otherrefl,SPN,,%,,,
SPN-own,SPN,,propio,,,
SPN-sfp,SPN,,hasta,,,
SPN-paradigms,SPN,,--,,,
SPN-comments,SPN,,<i>mismo</i> and <i>propio</i> inflect for gender and number,,,
SPN-repr,SPN,,--,,,
SWD-adn,SWD,,själv-,,,
SWD-sort,SWD,,none,,,
SWD-lex,SWD,,< Proto-Germ. *<i>selba</i>,,,
SWD-otherint,SWD,,<i>personligen</i> ('in person'),,,
SWD-ave,SWD,,själv,,,
SWD-refl,SWD,,sig (själv),,,
SWD-otherrefl,SWD,,%,,,
SWD-own,SWD,,egen,,,
SWD-sfp,SWD,,även,,,
SWD-paradigms,SWD,,<i>själv</i>:<br> DEF:<br>     GENERAL:<i>själva</i><br>     DEF.MASC.SG: <i>själve</i><br> INDEF:<br>     UTRUM.SG: <i>själv</i><br>     NEUTRUM.SG: <i>själv-t</i><br>     GENERAL.PL: <i>själv-a</i>,,,
SWD-comments,SWD,,"Intensifier:<br> <i>själv</i> inflects for gender and number; when it precedes its head NP, the definite declension class is used, and when it follows the indefinite declension class<br> Reflexives:<br> in the first and second person the regular pronouns are used in reflexive contexts<br> <i>self</i> is added to <i>sig</i> only in the context of verbs denoting typically self-directed activities<br>",,,
SWD-repr,SWD,,--,,,
SHI-adn,SHI,,(NP) PRO nit,,,
SHI-sort,SHI,,none,,,
SHI-lex,SHI,,%,,,
SHI-otherint,SHI,,<i>agayu</i>-POSS (<i>agayu</i>: 'head'),,,
SHI-ave,SHI,,PRO nit,,,
SHI-refl,SHI,,agayu-POSS,,,
SHI-otherrefl,SHI,,%,,,
SHI-own,SHI,,no expression,,,
SHI-sfp,SHI,,%,,,
SHI-paradigms,SHI,,--,,,
SHI-comments,SHI,,<i>agayu</i>-POSS: restricted to referents of high social rank<br> PRO <i>nit</i>: <i>nit</i> does not inflect,,,
SHI-repr,SHI,,--,,,
TCV-adn,TCV,,(NP) PRO-ee<br>(NP) ANPH-ee<br>NP-ee,,,
TCV-sort,TCV,,none,,,
TCV-lex,TCV,,%,,,
TCV-otherint,TCV,,PRO/ANPH-<i>aa</i> (approximately equivalent to <i>-ee</i>),,,
TCV-ave,TCV,,PRO/ANPH-ee,,,
TCV-refl,TCV,,-kiDu (middle) + PRO/ANPH-ee,,,
TCV-otherrefl,TCV,,%,,,
TCV-own,TCV,,tan NP,,,
TCV-sfp,TCV,,kuDa,,,
TCV-paradigms,TCV,,--,,,
TCV-comments,TCV,,"ANPH: <i>taan</i> (referentially defective, requires local antecedent)<br> PRO: <i>avan</i> (referentially independent) <br>intensified pronouns: <i>avan-ee</i>, <i>taan-ee</i><br><i>tan</i> is the genitive of <i>taan</i><br> <i>-ee</i>: emphatic element, semantically relatively unspecific<br> NP<i>-ee</i> often has a scalar meaning ('even NP...')<br> <i>kuDa</i>: 'too, even'; for 'even' emphatic intonation is used",,,
TCV-repr,TCV,,capital letters indicate retroflex articulation,,,
NHG-adn,NHG,,(NP) sie PRO,,,
NHG-sort,NHG,,human,,,
NHG-lex,NHG,,<i>sie</i>: 'one',,,
NHG-otherint,NHG,,<i>belaha</i> (only used for persons occupying a high rank); &lt; <i>vel yaha</i> 'very he',,,
NHG-ave,NHG,,POSS-siel,,,
NHG-refl,NHG,,mo-,,,
NHG-otherrefl,NHG,,%,,,
NHG-own,NHG,,"miero, belaha",,,
NHG-sfp,NHG,,%,,,
NHG-paradigms,NHG,,NULL,,,
NHG-comments,NHG,,<i>-siel</i>: also 'alone'; cf. <i>sie</i> 'one'; basically used as an adverbial intensifier,,,
NHG-repr,NHG,,NULL,,,
TSK-adn,TSK,,(NP/PRO) wuž-CASE,,,
TSK-sort,TSK,,none,,,
TSK-lex,TSK,,%,,,
TSK-otherint,TSK,,%,,,
TSK-ave,TSK,,wuž-ERG,,,
TSK-refl,TSK,,wuž-ABS (light) / wuž-ERG wuž-ABS (heavy),,,
TSK-otherrefl,TSK,,%,,,
TSK-own,TSK,,wuž-CASE (OBL),,,
TSK-sfp,TSK,,%,,,
TSK-paradigms,TSK,,--,,,
TSK-comments,TSK,,"<ul> <li> <i>wuž</i> is an anaphor with antecedents in the same clause, the same sentence, or even within the discourse <li> different forms of <i>wuž</i> according to nominal class and case: <i>wuž</i>, <i>žu</i>, <i>že</i>, <i>již</i> <li> <i>wuže: wuž (wuž</i>-ERG <i>wuž</i>-ABS): 'double reflexive'; the first <i>wuž</i> takes the case of the agent, the second one of the patient; the choice between the light and the heavy reflexive depends on ""whether a target of reflexivization is a core or an oblique argument of the verb"" and ""whether a situation described is inwardly or outwardly oriented"" (Lyutikova 2000: 242) <li> <i>wuž</i> alone may be long-distance bound </ul>",,,
TSK-repr,TSK,,"<ul> <li>in our graphemic representations we follow the source (Lyutikova 2000), where no phonetic realizations of the relevant symbols are indicated <li> ""z wedge"" ‹ž› used here to represent the ""yogh wedge"" that is used in the reference cited; its phonetic realization is a voiced post-alveolar affricate <li> for the ""yogh"" sign see Pullum, G./W. Ladusaw (1986). <i>Phonetic Symbol Guide</i>. Chicago: University of Chicago Press. </ul>",,,
KHC-adn,KHC,,alaʔa,,,
KHC-sort,KHC,,%,,,
KHC-lex,KHC,,'just',,,
KHC-otherint,KHC,,orungu-POSS,,,
KHC-ave,KHC,,karama-POSS,,,
KHC-refl,KHC,,karama-POSS,,,
KHC-otherrefl,KHC,,%,,,
KHC-own,KHC,,karama-POSS,,,
KHC-sfp,KHC,,%,,,
KHC-paradigms,KHC,,--,,,
KHC-comments,KHC,,"<ul> <li>intensifier is usually used in cleft constructions with a nominalized relative clause and possessive marking (cf. ex. 370) <li>the intensifier <i>alaʔa</i> probably exhibits the same semantics as Breton <i>end-eeun</i>, Mixtec <i>máá-</i> and Zapotec <i>la-gahk</i> <li><i>orungu</i>-POSS: <i>orungu-</i> means 'body'<br> </ul>",,,
KHC-repr,KHC,,--,,,
TRK-adn,TRK,,(NP/PRO)-GEN kendi-POSS-CASE,,,
TRK-sort,TRK,,none,,,
TRK-lex,TRK,,%,,,
TRK-otherint,TRK,,"<i>yalnız</i>: 'alone', can also mean 'without any help'",,,
TRK-ave,TRK,,kendi-POSS-CASE,,,
TRK-refl,TRK,,"kendi-POSS-CASE, -In",,,
TRK-otherrefl,TRK,,%,,,
TRK-own,TRK,,kendi,,,
TRK-sfp,TRK,,bile/dahi,,,
TRK-paradigms,TRK,,--,,,
TRK-comments,TRK,,"<ul> <li> -POSS indicates person and number<br> <li><i>kendi-</i> can be reduplicated to express intentionality<br> <li>the middle marker <i>-In</i> has a reflexivizing function with typically self-directed verbs and is also a detransivizer (cf. Kornfilt (1997). <i>Turkish</i>. London: Routledge, p. 157)<li><i>kendi</i> can be reduplicated (AVE + REFL)<br>the verbal reflexive requires a subject antecedent (cf. Kornfilt 1997: 141) </ul>",,,
TRK-repr,TRK,,&lt;I&gt;: exact vowel depends on vowel harmony,,,
TZO-adn,TZO,,POSS-tuk (NP/PRO),,,
TZO-sort,TZO,,only NPs with animate referents,,,
TZO-lex,TZO,,<i>-tuk</i>: 'alone',,,
TZO-otherint,TZO,,<i>mismo</i> (borrowed from Spanish),,,
TZO-ave,TZO,,POSS-tuk,,,
TZO-refl,TZO,,POSS-ba,,,
TZO-otherrefl,TZO,,%,,,
TZO-own,TZO,,POSS-NP POSS-tuk,,,
TZO-sfp,TZO,,asta (&lt; Span. <i>hasta</i>),,,
TZO-paradigms,TZO,,<table> <tr><td>PS.NB</td><td>intensifier </td><td>reflexive</td></tr> <tr><td>1SG</td><td><i>h-tuk</i> </td><td><i>h-ba</i></td></tr> <tr><td>2SG</td><td><i>a-tuk</i> </td><td><i>a-ba</i></td></tr> <tr><td>3SG</td><td><i>s-tuk</i> </td><td><i>s-ba</i></td></tr> <tr><td>1PL.EXCL</td><td><i>h-tuk-utik</i> </td><td><i>h-ba-kutik</i></td></tr> <tr><td>1PL.INCL</td><td><i>h-tuk-tik</i> </td><td><i>h-ba-tik</i></td></tr> <tr><td>2PL</td><td><i>a-tuk-ik</i> </td><td><i>a-ba-ik</i></td></tr> <tr><td>3PL</td><td><i>s-tuk-ik</i> </td><td><i>s-ba-ik</i></td></tr> </table>,,,
TZO-comments,TZO,,"The dialect described is the one of San Andrés (cf. Delgaty, Alfa Hurley y Agustín Ruiz Sánchez (1978). <i>Diccionario Tzotzil de San Andrés con Variaciones Dialectales.</i> México: Instituto Lingüístico de Verano).<br>The adverbial exclusive intensifier takes up a preverbal position:<br> (TOP) <i>-tuk</i> V (NP.ABS) (NP.ERG)",,,
TZO-repr,TZO,,--,,,
WOF-adn,WOF,,ci bopp-POSS,,,
WOF-sort,WOF,,none,,,
WOF-lex,WOF,,<i>bopp</i>: 'head'; <i>ci</i>: 'with',,,
WOF-otherint,WOF,,<i>rekk</i>: 'alone',,,
WOF-ave,WOF,,ci bopp-POSS mooy,,,
WOF-refl,WOF,,"-u, -ku (verbal); POSS-bopp (1/2), bopp-POSS (3)",,,
WOF-otherrefl,WOF,,%,,,
WOF-own,WOF,,%,,,
WOF-sfp,WOF,,%,,,
WOF-paradigms,WOF,,--,,,
WOF-comments,WOF,,"<i>ci bopp</i>-POSS: 'with head-POSS'<br> <i>mooy</i>: emphatic subject construction<br> <i>-u</i>, <i>-ku</i>: verbal reflexive strategies",,,
WOF-repr,WOF,,--,,,
YDD-adn,YDD,,NP/PRO aleyn,,,
YDD-sort,YDD,,none,,,
YDD-lex,YDD,,<i>aleyn</i> ('alone'),,,
YDD-otherint,YDD,,"<i>gufe</i> (adnominal, adverbial)",,,
YDD-ave,YDD,,aleyn,,,
YDD-refl,YDD,,zikh,,,
YDD-otherrefl,YDD,,%,,,
YDD-own,YDD,,eygene,,,
YDD-sfp,YDD,,afile,,,
YDD-paradigms,YDD,,--,,,
YDD-comments,YDD,,<i>afile</i> is borrowed from Hebrew (<i>afilu</i>)<br> <i>gufe</i> is contextually restricted,,,
YDD-repr,YDD,,--,,,
YOR-adn,YOR,,NP/PRO fúnra-POSS,,,
YOR-sort,YOR,,none,,,
YOR-lex,YOR,,<i>fún</i>: 'for'; <i>ara</i>: 'body' (<i>ara</i> is also a reflexive marker),,,
YOR-otherint,YOR,,"<i>pàápàá</i> (adnominal; also 'especially', 'even')",,,
YOR-ave,YOR,,fúnra-POSS,,,
YOR-refl,YOR,,ara POSS.PRO,,,
YOR-otherrefl,YOR,,%,,,
YOR-own,YOR,,(gaan) POSS.PRO,,,
YOR-sfp,YOR,,tilɛ,,,
YOR-paradigms,YOR,,possessive suffixes:<br> <table> <tr><td>1:</td><td><i>-(:`)mi</i></td></tr> <tr><td>2:</td><td><i>-(:`)rɛ/-ɛ</i></td></tr> <tr><td>3:</td><td><i>-(:)rɛ̀/ɛ̀</i></td></tr> </table> <br> paradigm of <i>funraà-</i>:<br> <table> <tr><td>1:</td><td><i>fúnraà-mi</i></td></tr> <tr><td>2:</td><td><i>fúnraà-rɛ</i></td></tr> <tr><td>3:</td><td><i>fúnraa-rɛ̀</td></tr> </table>,,,
YOR-comments,YOR,,"before <i>-(:`)mi</i> and <i>-(:`)rɛ/-ɛ</i> the preceding vowel receives a low tone (&lt;`&gt;) <br><i>gaan</i>: 'exactly, really, actually'",,,
YOR-repr,YOR,,&lt;ɛ&gt;: mid-open front vowel<br> &lt;ɔ&gt;: mid-open back vowel<br> &lt;`&gt;: low tone<br> &lt;´&gt;: high tone<br> without accent: neutral tone<br> &lt;:&gt; indicates that the preceding vowel is lengthened<br>,,,
LAT-adn,LAT,,pàt,,,
LAT-sort,LAT,,%,,,
LAT-lex,LAT,,"'man/woman', 'husband/wife'",,,
LAT-ave,LAT,,pàt,,,
LAT-refl,LAT,,savè (ACC),,,
LAT-otherrefl,LAT,,%,,,
LAT-own,LAT,,savìškis/ -kė,,,
LAT-sfp,LAT,,%,,,
LAT-paradigms,LAT,,NULL,,,
LAT-comments,LAT,,"reflexive forms: <i>savẽs</i>, <i>savo</i> (GEN), <i>sáu</i> (DAT), <i>savè</i> (ACC), <i>savimì</i> (INSTR), <i>savyjè</i> (LOC); <i>pàt</i> (invariant particle), <i>pàts/patì</i> used as a noun (see lexical source) inflects for number and case.",,,
LAT-repr,LAT,,NULL,,,
TCW-adn,TCW,,(NP) PRO-ee,,,
TCW-sort,TCW,,none,,,
TCW-lex,TCW,,%,,,
TCW-otherint,TCW,,<i>swayam</i> (cf. Hindi); POSSPRO + <i>maTuku</i> + PRO (<i>maTuku</i>: 'as for...'),,,
TCW-ave,TCW,,PRO-ee,,,
TCW-refl,TCW,,V-kon (PRO-ee (tan-NOM)),,,
TCW-otherrefl,TCW,,%,,,
TCW-own,TCW,,tana (=tan-GEN),,,
TCW-sfp,TCW,,%,,,
TCW-paradigms,TCW,,ANPH:<br> <table> <tr><td>NOM</td><td><i>tanu</i></td></tr> <tr><td>ACC</td><td><i>tana-ni</i></td></tr> <tr><td>DAT</td><td><i>tana-ki</i></td></tr> <tr><td>2nd DAT</td><td><i>tana-too</i></td></tr> <tr><td>GEN</td><td><i>tana</i></td></tr> <tr><td>LOC</td><td><i>tana-miida</i></td></tr> <tr><td>ABL</td><td><i>tana-nunci</i></td></tr> </table>  <br> PRO:<br> <table> <tr><td>1SG</td><td><i>neenu</i></td></tr> <tr><td>2SG</td><td><i>meemu</i></td></tr> <tr><td>3G.MASC.DIST</td><td><i>waaDu</i></td></tr> <tr><td>3SG.FEM.DIST</td><td><i>same</i></td></tr> <tr><td>3SG.MASC.PROX</td><td><i>wiiDu</i></td></tr> <tr><td>3SG.FEM.PROX</td><td><i>iime</i></td></tr> </table>,,,
TCW-comments,TCW,,pronouns (PRO): <i>tan-</i> (referentially defective anaphor; requires local antecedent)<br> <i>-kon</i>: verbal reflexive or middle voice,,,
TCW-repr,TCW,,capital letters: retroflex articulation,,,
GKO-adn,GKO,,(NP/PRO) autó-CASE.NUM,,,
GKO-sort,GKO,,none,,,
GKO-lex,GKO,,%,,,
GKO-otherint,GKO,,%,,,
GKO-ave,GKO,,autó-CASE.NUM,,,
GKO-refl,GKO,,he:/[he: autó-CASE.NUM],,,
GKO-otherrefl,GKO,,%,,,
GKO-own,GKO,,idio-CASE.NUM,,,
GKO-sfp,GKO,,%,,,
GKO-paradigms,GKO,,NULL,,,
GKO-comments,GKO,,"light reflexives: <i>he:</i> (ACC), <i>hôu</i> (GEN), <i>hô:i</i> (DAT); heavy reflexives (third person): <i>he:autón</i> (ACC), <i>he:autoû</i> (GEN), <i>heautô:</i> (DAT); paradigm of intensifiers (MASC): <i>autós, autoû, autô:</i>; the simple reflexive <i>he:</i> is confined to referring back to antecedents from higher clauses (can be used only logophorically); in a local context, the complex reflexive <i>he:auto-</i> has to be used; the intensifier may either follow or precede the NP it combines with",,,
GKO-repr,GKO,,NULL,,,
TSZ-adn,TSZ,,misimu,,,
TSZ-sort,TSZ,,none,,,
TSZ-lex,TSZ,,&lt; Span. <i>mismo</i>,,,
TSZ-otherint,TSZ,,<i>-kurhi</i> (little or no difference to <i>-kuarhe</i>),,,
TSZ-ave,TSZ,,-kuarhe (verbal suffix),,,
TSZ-refl,TSZ,,-kuarhe (verbal suffix),,,
TSZ-otherrefl,TSZ,,%,,,
TSZ-own,TSZ,,-kuarhe/ ímeri,,,
TSZ-sfp,TSZ,,%,,,
TSZ-paradigms,TSZ,,--,,,
TSZ-comments,TSZ,,<i>misimu</i> may be used to reinforce the verbal reflexivization strategy (cf. ex. 529),,,
TSZ-repr,TSZ,,&lt;rh&gt;: retroflex approximant (phonetically similar to [ɻ]),,,
TOO-adn,TOO,,ma:niʔ NP/PRO,,,
TOO-sort,TOO,,animate,,,
TOO-lex,TOO,,%,,,
TOO-otherint,TOO,,%,,,
TOO-ave,TOO,,POSS-aʔkstu,,,
TOO-refl,TOO,,V-ka(n)  [POSS-aʔkstu],,,
TOO-otherrefl,TOO,,%,,,
TOO-own,TOO,,POSS-aʔkstu,,,
TOO-sfp,TOO,,%,,,
TOO-paradigms,TOO,,--,,,
TOO-comments,TOO,,<i>-ka</i>: past form of middle<br> <i>-kan</i>: non-past form of middle<br> adverbial intensifier <i>-aʔkstu</i> reinforces verbal reflexive and is in some contexts obligatory,,,
TOO-repr,TOO,,&lt;q&gt;: uvular stop<br> &lt;lh&gt;: voiceless alveolar lateral<br> &lt;x&gt;: voiceless postalveolar fricative<br> &lt;ch&gt;: voiceless alveolar affricate,,,
ZAW-adn,ZAW,,lagahk PRO/NP,,,
ZAW-sort,ZAW,,animate,,,
ZAW-lex,ZAW,,"<i>laa</i>: pronominal stem, regularly shortened to <i>la</i> if not accented; <i>gahk</i>: 'exactly, right'",,,
ZAW-otherint,ZAW,,<i>žteb</i>: 'by itself',,,
ZAW-ave,ZAW,,ensilaani,,,
ZAW-refl,ZAW,,(lagahk) PRO,,,
ZAW-otherrefl,ZAW,,%,,,
ZAW-own,ZAW,,lagahk,,,
ZAW-sfp,ZAW,,%,,,
ZAW-paradigms,ZAW,,--,,,
ZAW-comments,ZAW,,the adjunct reflexive <i>lagahk</i> is optional; a simple pronoun can also be locally bound,,,
ZAW-repr,ZAW,,capitals indicate tense articulation,,,
BRA-adn,BRA,,NP/PRO yɛ̀rɛ,,,
BRA-sort,BRA,,%,,,
BRA-lex,BRA,,%,,,
BRA-otherint,BRA,,%,,,
BRA-ave,BRA,,yɛ̀rɛ,,,
BRA-refl,BRA,,í,,,
BRA-otherrefl,BRA,,%,,,
BRA-own,BRA,,yɛ̀rɛ ta,,,
BRA-sfp,BRA,,"hali, yɛ̀rɛ",,,
BRA-paradigms,BRA,,1SG: <i>né ta</i><br> 2SG: <i>í ta</i><br> 3SG: <i>à ta</i>,,,
BRA-comments,BRA,,"PRO <i>ta</i>: 'that which belongs to PRO' (mine, yours etc.)<br> special reflexive only in the third person<br> the third person reflexive is phonologically identical to the pronoun of the second person",,,
BRA-repr,BRA,,--,,,
FUH-adn,FUH,,bee hoore POSS.PRO,,,
FUH-sort,FUH,,%,,,
FUH-lex,FUH,,<i>bee</i>: prep. 'with'; <i>hoore</i> 'head',,,
FUH-otherint,FUH,,"<i>koʔe</i>, <i>tigi</i>",,,
FUH-ave,FUH,,bee hoore,,,
FUH-refl,FUH,,hoore,,,
FUH-otherrefl,FUH,,%,,,
FUH-own,FUH,,halal + POSS.PRO,,,
FUH-sfp,FUH,,"fa(e), fay, hattáa",,,
FUH-paradigms,FUH,,paradigm of intensifiers according to Westermann (1909: 219)<br> 1SG: <i>min gam hɔ̄rɛ am</i><br> 2SG: <i>a han gam hɔ̄rɛ maʔa</i><br> 3SG: <i>kam ɔn gam hɔ̄rɛ makkɔ</i><br> 1PL.INCL: <i>en nɔn gam hɔ̄rɛ mɛʔɛn</i><br> 1PL.EXCL: <i>men nɔn gam kɔʔɛ amen</i><br> 2PL: <i>ɔn nɔn gam kɔʔɛ mɔʔɔn</i><br> 3PL: <i>kamʔbɛ gam kɔʔɛ maʔbɛ</i>,,,
FUH-comments,FUH,,"adn construction: NP/(PRO) P hoore POSS.PRO; the intensifier is linked to the head NP by some preposition: in some dialects this preposition is <i>gam</i> ('because of'; cf. the paradigm below), and in others <i>bee</i> ('with')<br> there is also a verbal middle voice with paradigms varying according to tense and mood distinctions<br> <i>tigi</i>: also means 'exactly'<br>alternative own: POSS.PRO halal",,,
FUH-repr,FUH,,--,,,
HUA-adn,HUA,,NP/PRO kâi-LNK-POSS,,,
HUA-sort,HUA,,probably ADN not with inanimates<br>AVE is possible with inanimates ('by itself'; cf. example 724),,,
HUA-lex,HUA,,<i>kâi-</i>: 'head',,,
HUA-otherint,HUA,,"<i>kad'ai</i>: 'alone, only'",,,
HUA-ave,HUA,,(PRO) dà kâi-LNK-POSS,,,
HUA-refl,HUA,,kâi-LNK-POSS,,,
HUA-otherrefl,HUA,,%,,,
HUA-own,HUA,,NP-LNK kâi-LNK-POSS,,,
HUA-sfp,HUA,,"harr, koo",,,
HUA-paradigms,HUA,,<table> <tr><td> <tr><td>1SG</td><td>kâinà</i><br> <tr><td>2SG</td><td><i>kânkà</i>(MASC)/<i>kânkì</i>(FEM)</td></tr> <tr><td>3SG</td><td><i>kânsà</i> (MASC)/<i>kântà</i>(FEM)</td></tr> <tr><td>1PL</td><td><i>kânmù</i></td></tr> <tr><td>2PL</td><td><i>kânkù</i></td></tr> <tr><td>3PL</td><td><i>kânsù</i></td></tr> </table>,,,
HUA-comments,HUA,,"&lt;r&gt;: alveolar flap; &lt;rr&gt;: alveolar trill<br> LNK (bound linker): <i>-n-</i>; expresses adnominal relationship<br> IND.LNK (independent linker): <i>na/ta</i><br> paradigm of intensifiers:<br> <i>dà</i>: 'with'<br> own: also NP-LNK IND.LNK kâi-LNK-POSS (emphatic, 'very own')<br> scalar focus particle <i>koo</i>: often with negative polarity",,,
HUA-repr,HUA,,--,,,
LIN-adn,LIN,,PRO/NP mɔ́kɔ́,,,
LIN-sort,LIN,,none,,,
LIN-lex,LIN,,'one',,,
LIN-otherint,LIN,,"<i>mpenjá</i> (also 'even', 'indeed'); <i>bobɛ́lɛ́</i> ('alone')",,,
LIN-ave,LIN,,PRO/NP mɔ́kɔ́,,,
LIN-refl,LIN,,-mí-,,,
LIN-otherrefl,LIN,,%,,,
LIN-own,LIN,,NP mɔ́kɔ́,,,
LIN-sfp,LIN,,mpenjá,,,
LIN-paradigms,LIN,,PRO + <i>mɔ́kɔ́</i>:<br> 1SG: <i> ngai mɔ́kɔ́</i><br> 2SG: <i>yɔ mɔ́kɔ́</i><br> 3SG.ANIM: <i>yê mɔ́kɔ́</i><br> 3SG.INANIM: <i>yangó mɔ́kɔ́</i><br> 1PL: <i>bísó mɔ́kɔ́</i><br> 2PL: <i>bínó mɔ́kɔ́</i><br> 3PL.ANIM: <i>bangó mɔ́kɔ́</i><br> 3PL.INANIM: <i>yangó mɔ́kɔ́</i>,,,
LIN-comments,LIN,,"<i>-mí-</i>: verbal reflexive, fully productive<br> both intensifiers (<i>mɔ́kɔ́</i> and <i>mpenjá</i>) are basically equivalent; according to Guthrie (1966), <i>mpenjá</i> is preferred in combination with reflexives and <i>mɔ́kɔ́</i> elsewhere (Guthrie 1966: 50)<br> scalar focus particle: also <i>atâ</i>",,,
LIN-repr,LIN,,&lt;^&gt;: neutral + high tone (e.g. <i>yê</i> ≙ <i>yeé</i>),,,
SWA-adn,SWA,,PRO/NP NC-enyewe,,,
SWA-sort,SWA,,none,,,
SWA-lex,SWA,,"<i>-enye</i>: 'having, possessing'",,,
SWA-otherint,SWA,,"<i>moyo wangu</i> ('soul my'), <i>nafsi yangu</i> ('soul my'); cf. Arabic <i>nafs-</i>",,,
SWA-ave,SWA,,NC-enyewe,,,
SWA-refl,SWA,,ji-,,,
SWA-otherrefl,SWA,,%,,,
SWA-own,SWA,,POSS.PRO + [PRO/NP + INT],,,
SWA-sfp,SWA,,hata,,,
SWA-paradigms,SWA,,NULL,,,
SWA-comments,SWA,,<i>ji-</i>: verbal reflexivization strategy<br> NC: nominal class marker<br> paradigm of <i>-enyewe</i> for NC1 (mainly human):<br> 1SG: <i>(mimi) mw-enyewe</i><br> 2SG: <i>(wewe) mw-enyewe</i><br> 3SG: <i>(yeye) mw-enyewe</i><br> 1PL: <i>(sisi) w-enyewe</i><br> 2PL: <i>(ninyi) w-enyewe</i><br> 3PL: <i>(wao) w-enyewe</i><br>,,,
SWA-repr,SWA,,NULL,,,
XOS-adn,XOS,,%,,,
XOS-sort,XOS,,%,,,
XOS-lex,XOS,,%,,,
XOS-otherint,XOS,,%,,,
XOS-ave,XOS,,%,,,
XOS-refl,XOS,,%,,,
XOS-otherrefl,XOS,,%,,,
XOS-own,XOS,,--,,,
XOS-sfp,XOS,,%,,,
XOS-paradigms,XOS,,NULL,,,
XOS-comments,XOS,,--,,,
XOS-repr,XOS,,NULL,,,
PJT-adn,PJT,,PRON-nku/NP-nku,,,
PJT-sort,PJT,,%,,,
PJT-lex,PJT,,%,,,
PJT-otherint,PJT,,free pronoun plus corresponding (non-reflexive) pronominal clitic,,,
PJT-ave,PJT,,PRON-nku/NP-nku,,,
PJT-refl,PJT,,PRON-nku/VERB-nku,,,
PJT-otherrefl,PJT,,%,,,
PJT-own,PJT,,%,,,
PJT-sfp,PJT,,%,,,
PJT-paradigms,PJT,,reflexive markers <table> <tr><td>PERS</td><td>suffix</td></tr> <tr><td>1</td><td>-tju</td></tr> <tr><td>2</td><td>-nku</td></tr> <tr><td>3</td><td>-nku</td></tr> </table>,,,
PJT-comments,PJT,,<The reflexive clitics <i>-tju/-nku</i> (cf. the paradigms below) adjoin to NPs/pronouns.,,,
PJT-repr,PJT,,--,,,
AMI-adn,AMI,,(NP) PRON-dodoc,,,
AMI-sort,AMI,,none,,,
AMI-lex,AMI,,"<i>dodoc</i> might be a reduplicated form of the reciprocal marker <i>d-oco-b</i> (3SG.OBJ-DIFF.SBJ-3SG.SUBJ) (J. Roberts, p.c.)",,,
AMI-otherint,AMI,,%,,,
AMI-ave,AMI,,%,,,
AMI-refl,AMI,,PRON-dodoc,,,
AMI-otherrefl,AMI,,%,,,
AMI-own,AMI,,%,,,
AMI-sfp,AMI,,%,,,
AMI-paradigms,AMI,,--,,,
AMI-comments,AMI,,<i>dodoc</i> only attaches to personal pronouns; <br>DIFF.SBJ: different subject (switch-reference system),,,
AMI-repr,AMI,,--,,,
SON-adn,SON,,hundey,,,
SON-sort,SON,,none,,,
SON-lex,SON,,"<i>hundi</i> ('breath, soul, life')",,,
SON-otherint,SON,,"<i>da</i>: 'exactly' (emphatic particle stressing the precise referential or spatiotemporal correctness of the preceding constituent, Heath 1999: 265)",,,
SON-ave,SON,,nda ŋga boŋ,,,
SON-refl,SON,,ŋga (boŋ),,,
SON-otherrefl,SON,,%,,,
SON-own,SON,,%,,,
SON-sfp,SON,,baa,,,
SON-paradigms,SON,,"subject personal pronouns (cf. Heath 1999b: 79):<br> 1SG: <i>ay</i><br> 2SG: <i>n, ni</i><br> 3SG: <i>a</i>(non-reflexive)<br> 3SG: <i>ŋga</i>(reflexive and logophoric)<br> 1PL: <i>it</i><br> 2PL: <i>war</i><br> 3PL: <i>i</i>(non-reflexive)<br> 3PL: <i>ŋgey / ŋgii</i>",,,
SON-comments,SON,,"in a local context (coreferential co-arguments), the compound reflexive is regularly used (<i>ŋga boŋ</i>); the light reflexive <i>ŋga</i> is chiefly used in long-distance bound contexts (coreference of clause- or sentence mates that are not co-arguments<br> both the intensifier and the reflexive derive from body-part nouns, but from different ones (<i>hundey</i>&lt; <i>hundi</i> 'breath, soul, life'; <i>boŋ</i>: 'head')<br> <i>nda</i>: 'with'<br> AVE is expressed as 'with + heavy reflexive'/'with x's head'<br> <i>hinne, hinna</i> also means 'alone, only, immediately'<br> alternative adv. exclusive intensifier: <i>hinne, hinna</i>",,,
SON-repr,SON,,--,,,
CJD-adn,CJD,,%,,,
CJD-sort,CJD,,%,,,
CJD-lex,CJD,,%,,,
CJD-otherint,CJD,,%,,,
CJD-ave,CJD,,n(a) maisa,,,
CJD-refl,CJD,,n(a) maisa (optional),,,
CJD-otherrefl,CJD,,%,,,
CJD-own,CJD,,%,,,
CJD-sfp,CJD,,%,,,
CJD-paradigms,CJD,,--,,,
CJD-comments,CJD,,"there seems to be no semantic (near-)equivalent to intensifier constructions in Chamorro<br> reflexivity can also be signalled by simple pronouns, i.e. <i>na maisa</i> optionally precedes or follows the pronoun in reflexive-marking<br> <i>maisa</i> also means 'alone'<br> <i>na</i> is a linker used in attributive constructions",,,
CJD-repr,CJD,,--,,,
GEO-adn,GEO,,t(v)-it-on (NP/PRO),,,
GEO-sort,GEO,,animate,,,
GEO-lex,GEO,,<i>tav-</i>: 'head'; <i>-it</i>: instrumental marker; <i>-on</i>: ?,,,
GEO-otherint,GEO,,"<i>tv-it</i>, <i>tav-ad</i>",,,
GEO-ave,GEO,,t(v)-it / t(v)-it-on/ tav-ad,,,
GEO-refl,GEO,,tav-CASE,,,
GEO-otherrefl,GEO,,%,,,
GEO-own,GEO,,tavi-GEN,,,
GEO-sfp,GEO,,%,,,
GEO-paradigms,GEO,,NULL,,,
GEO-comments,GEO,,<i>tav-</i>: 'head'; <i>-it</i>: instrumental;,,,
GEO-repr,GEO,,NULL,,,
LVK-adn,LVK,,no adnominal intensifier,,,
LVK-sort,LVK,,%,,,
LVK-lex,LVK,,%,,,
LVK-otherint,LVK,,%,,,
LVK-ave,LVK,,POSS-muan,,,
LVK-refl,LVK,,"POSS-muan, -a (verbal intransitiviser)",,,
LVK-otherrefl,LVK,,%,,,
LVK-own,LVK,,%,,,
LVK-sfp,LVK,,%,,,
LVK-paradigms,LVK,,NULL,,,
LVK-comments,LVK,,"reflexive constructions with POSS<i>-muan</i> are often avoided, and reflexivity is indicated by means of an intransivtiising suffix (<i>-a</i>).",,,
LVK-repr,LVK,,NULL,,,
MRC-adn,MRC,,maatm,,,
MRC-sort,MRC,,%,,,
MRC-lex,MRC,,&lt; <i>iimaat</i> 'body',,,
MRC-otherint,MRC,,%,,,
MRC-ave,MRC,,maatm,,,
MRC-refl,MRC,,mat-V,,,
MRC-otherrefl,MRC,,%,,,
MRC-own,MRC,,maatm,,,
MRC-sfp,MRC,,%,,,
MRC-paradigms,MRC,,NULL,,,
MRC-comments,MRC,,--,,,
MRC-repr,MRC,,NULL,,,
TGL-adn,TGL,,mismo-LNK NP<br> NP mismo,,,
TGL-sort,TGL,,none,,,
TGL-lex,TGL,,Spanish <i>mismo</i> (< Lat. <i>-met ipsimum</i>),,,
TGL-otherint,TGL,,%,,,
TGL-ave,TGL,,"mismo, sarili",,,
TGL-refl,TGL,,sarili PRO,,,
TGL-otherrefl,TGL,,%,,,
TGL-own,TGL,,sarili,,,
TGL-sfp,TGL,,kahit,,,
TGL-paradigms,TGL,,--,,,
TGL-comments,TGL,,"<i>sarili</i>: also 'individual'<br> the etymology of <i>sarili</i> is unclear<br> <i>sa</i> is a preposition, <i>ari</i> means 'property'",,,
TGL-repr,TGL,,--,,,
ESG-adn,ESG,,nammineq,,,
ESG-sort,ESG,,none,,,
ESG-lex,ESG,,unknown,,,
ESG-otherint,ESG,,%,,,
ESG-ave,ESG,,nammineq,,,
ESG-refl,ESG,,immi-,,,
ESG-otherrefl,ESG,,%,,,
ESG-own,ESG,,nammineq,,,
ESG-sfp,ESG,,unknown,,,
ESG-paradigms,ESG,,NULL,,,
ESG-comments,ESG,,is <i>immi-</i> etymologically related to (contained in) <i>nammineq</i>?,,,
ESG-repr,ESG,,NULL,,,
LEZ-adn,LEZ,,wič-CASE,,,
LEZ-sort,LEZ,,none,,,
LEZ-lex,LEZ,,%,,,
LEZ-otherint,LEZ,,%,,,
LEZ-ave,LEZ,,wič-ERG,,,
LEZ-refl,LEZ,,wič-CASE,,,
LEZ-otherrefl,LEZ,,%,,,
LEZ-own,LEZ,,xsusi,,,
LEZ-sfp,LEZ,,-ni (kwaz),,,
LEZ-paradigms,LEZ,,paradigm of <i>wič</i> <table> <tr><td>ABS: <i>wič</i></td></tr> <tr><td>ERG: <i>wiči</i></td></tr> <tr><td>GEN: <i>wičin</i></td></tr> <tr><td>INESS: <i>wiče</i></td></tr> </table>,,,
LEZ-comments,LEZ,,"the suffix <i>-ni</i> is additive and has both a non-scalar ('also, too') and a scalar reading ('even')<br> the scalar reading can be made more explicit by adding the particle <i>kwaz</i>, which is originally a converb of the verb <i>kwa</i> 'be under/among' (cf. Haspelmath 1993: 237)",,,
LEZ-repr,LEZ,,--,,,
RAM-adn,RAM,,%,,,
RAM-sort,RAM,,%,,,
RAM-lex,RAM,,%,,,
RAM-otherint,RAM,,%,,,
RAM-ave,RAM,,%,,,
RAM-refl,RAM,,amji,,,
RAM-otherrefl,RAM,,%,,,
RAM-own,RAM,,--,,,
RAM-sfp,RAM,,%,,,
RAM-paradigms,RAM,,--,,,
RAM-comments,RAM,,Reflexive <i>amji</i> is invariant,,,
RAM-repr,RAM,,--,,,
NIY-adn,NIY,,1st/2nd person: PRON-tɨ́rɔ̀<br> 3rd person: (NP) ANPH-,,,
NIY-sort,NIY,,%,,,
NIY-lex,NIY,,<i>tɨ́</i>: 'as'; <i>rɔ̀</i>: 'away from',,,
NIY-otherint,NIY,,<i>nyú̵</i> (also 'very'),,,
NIY-ave,NIY,,PRON/ANPH-tɨ́rɔ̀,,,
NIY-refl,NIY,,ndɨ̀ (3SG)<br> ʔɨ̀ (3PL),,,
NIY-otherrefl,NIY,,%,,,
NIY-own,NIY,,%,,,
NIY-sfp,NIY,,mà,,,
NIY-paradigms,NIY,,paradigm of PRON/ANPH-<i>tɨ́rɔ̀</i><br> <table><tr><td> 1SG</td><td><i>ma-tɨ́rɔ̀<i></td></tr> <tr><td>2SG</td><td><i>nyɨ-tɨ́rɔ̀</i></td></tr> <tr><td>3SG</td><td><i>ndɨ̀-tɨ́rɔ̀<i></td></tr> <tr><td>1PL.EXCL</td><td><i>mǎ-tɨ́rɔ̀</i></td></tr> <tr><td>1PL.INCL</td><td><i>àlɛ̌-tɨ́rɔ̀</i></td></tr> <tr><td>2PL</td><td><i>nyɨ̆-tɨ́rɔ̀</i></td></tr> <tr><td>3PL</td><td><i>ʔɨ̆-tɨ́rɔ̀</i></td></tr> </table>,,,
NIY-comments,NIY,,"the position of <i>PRON/ANPH-tɨ́rɔ̀</i> seems to be considerably parallel to English, insofar as AVE is sentence-final and ADN is adjacent to its head NP (cf. Kutsch Lojenga 1994: 200)<br> the reflexive <i>ndɨ̀-</i> is used only in the third person; in the first and second person the regular object pronouns are used (cf. German and other European languages that do not have specialized reflexive forms in the first and second person)<br> lexical source of reflexive <i>ndɨ̀-</i>: 'skin'",,,
NIY-repr,NIY,,&lt; ̌&gt; indicates the low-mid tone,,,
DJK-adn,DJK,,(NP) PRO seefi,,,
DJK-sort,DJK,,%,,,
DJK-lex,DJK,,< Engl. <i>self</i>,,,
DJK-otherint,DJK,,<i>soseefi</i>: 'also',,,
DJK-ave,DJK,,PRO seefi,,,
DJK-refl,DJK,,PRO seefi,,,
DJK-otherrefl,DJK,,%,,,
DJK-own,DJK,,(PRO/NP) seefi,,,
DJK-sfp,DJK,,seefi,,,
DJK-paradigms,DJK,,paradigm of 'PRO <i>seefi </i>':<br> 1SG: <i>mi seefi</i><br> 2SG: <i>i seefi</i><br> 3SG: <i>en seefi</i><br> 1PL: <i>wi seefi</i><br> 2PL: <i>u seefi</i><br> 3PL: <i>den seefi</i>,,,
DJK-comments,DJK,,"PRO: in the third person, the oblique pronoun (<i>en</i>, vs. the subject pronoun <i>a</i>) is used; in the first and second person there is no case distinction<br> <i>seefi</i> is obligatory in combination with a preceding unbound pronominal<br> <i>seefi</i> is invariant (cf. the paradigm below)<br> <i>seefi</i> is also used in a number of other functions, e.g. as an adjective of token identity ('the same', cf. ex. 780) and as an intensifying negative polarity item ('at all', 'whatsoever'; cf. ex. 654)<br> alternative lexical item meaning 'own': (PRO/NP) <i>éigi</i> (according to Huttar & Huttar 1994: 471, <i>eigi</i> is preferred over <i>seefi</i> by younger speakers)",,,
DJK-repr,DJK,,--,,,
TPY-adn,TPY,,%,,,
TPY-sort,TPY,,%,,,
TPY-lex,TPY,,%,,,
TPY-otherint,TPY,,%,,,
TPY-ave,TPY,,falapetsi,,,
TPY-refl,TPY,,a) pers. pronouns (1st/2nd)<br>b) argument suppression<br>c) falapetsi,,,
TPY-otherrefl,TPY,,%,,,
TPY-own,TPY,,%,,,
TPY-sfp,TPY,,%,,,
TPY-paradigms,TPY,,NULL,,,
TPY-comments,TPY,,"<i>falapetsi</i> is an intransitive verb and literally means 'do alone/by oneself, do (an action) without participants other than the agent(s)'<br> it can be used in conjunction with argument suppression to indicate reflexivity (see above).",,,
TPY-repr,TPY,,NULL,,,
FRI-adn,FRI,,sels,,,
FRI-sort,FRI,,none,,,
FRI-lex,FRI,,%,,,
FRI-otherint,FRI,,%,,,
FRI-ave,FRI,,sels,,,
FRI-refl,FRI,,PRO (+ sels),,,
FRI-otherrefl,FRI,,%,,,
FRI-own,FRI,,%,,,
FRI-sfp,FRI,,sels,,,
FRI-paradigms,FRI,,--,,,
FRI-comments,FRI,,--,,,
FRI-repr,FRI,,--,,,
AFK-adn,AFK,,PRO/NP self,,,
AFK-sort,AFK,,none,,,
AFK-lex,AFK,,< Proto-Germ. <i>*silba</i>,,,
AFK-otherint,AFK,,%,,,
AFK-ave,AFK,,self,,,
AFK-refl,AFK,,PRO (+ self),,,
AFK-otherrefl,AFK,,%,,,
AFK-own,AFK,,eie,,,
AFK-sfp,AFK,,selfs,,,
AFK-paradigms,AFK,,PRO + <i>self</i>:<br> 1SG: myself<br> 2SG.FAM: jouself<br> 2SG.POL: uself<br> 3SG.MASC: <i>homself</i><br> 3SG.FEM: <i>haarself</i><br> 3SG.NEUT: <i>homself</i><br> 1PL: <i>onsself</i><br> 2PL: <i>jul(le)self</i><br> 3PL: <i>hul(le)self</i>,,,
AFK-comments,AFK,,"with typically self-directed verbs, the simple pronouns are used in reflexive contexts; <i>self</i> is gaining ground, and is becoming more obligatory with verbs denoting typically other-directed activities, acccording to Donaldson (1993: Section 8.20): ""The reflexivity of verbs and their use with or without the compound pronoun in <i>-self</i> is something that is in a state of flux in Afrikaans."" Among other things, this concerns ""the use of the compound form in <i>-self</i> whre historically it was not required or was even considered incorrect"" (Donaldson 1993: 291)",,,
AFK-repr,AFK,,--,,,
VLA-adn,VLA,,PRO/NP zelf/zelv-,,,
VLA-sort,VLA,,none,,,
VLA-lex,VLA,,< Proto-Germ. *<i>silba</i>,,,
VLA-otherint,VLA,,%,,,
VLA-ave,VLA,,zelf/zelv-,,,
VLA-refl,VLA,,zich (zelf/zelv-),,,
VLA-otherrefl,VLA,,%,,,
VLA-own,VLA,,%,,,
VLA-sfp,VLA,,zelfs,,,
VLA-paradigms,VLA,,PRO + INT:<br> SG<br> NOM: <i>ik/gij/hij zelf</i><br> GEN: <i>mijns/uws/zijns zelf-s</i><br> DAT: <i>mij/u/hem zelv-en</i><br> ACC: <i>mij/u/hem zelv-en</i><br> PL<br> NOM: <i>wij/gij/zij zelv-en</i><br> GEN: <i>(van) ons/u/hen zelv-en</i><br> DAT: <i>ons/u/hun zelv-en</i><br> ACC: <i>ons/u/hen zelv-en</i>,,,
VLA-comments,VLA,,"<i>zelv-</i> inflects for case (weak adjectival inflection); however, Verbeek (1917: 90) mentions that ""some writers use <i>zelf</i> as an invariant form, like German <i>selbst</i>""",,,
VLA-repr,VLA,,--,,,
